Package;Class;Case;Execution;TotalTime;NumInteractions
it.feio.android.omninotes;TestNoteCreation;testCreateNote;1;5442;5
it.feio.android.omninotes;TestNoteCreation;testCreateNote;2;5261;5
it.feio.android.omninotes;TestNoteCreation;testCreateNote;3;5132;5
it.feio.android.omninotes;TestNoteCreation;testCreateNote;4;5016;5
it.feio.android.omninotes;TestNoteCreation;testCreateNote;5;5061;5
it.feio.android.omninotes;TestNoteCreation;testCreateNote;6;5016;5
it.feio.android.omninotes;TestNoteCreation;testCreateNote;7;5331;5
it.feio.android.omninotes;TestNoteCreation;testCreateNote;8;5034;5
it.feio.android.omninotes;TestNoteCreation;testCreateNote;9;5434;5
it.feio.android.omninotes;TestNoteCreation;testCreateNote;10;5249;5
it.feio.android.omninotes;TestNoteCreation;testDeleteNote;1;7570;8
it.feio.android.omninotes;TestNoteCreation;testDeleteNote;2;8491;8
it.feio.android.omninotes;TestNoteCreation;testDeleteNote;3;8144;8
it.feio.android.omninotes;TestNoteCreation;testDeleteNote;4;7214;8
it.feio.android.omninotes;TestNoteCreation;testDeleteNote;5;7095;8
it.feio.android.omninotes;TestNoteCreation;testDeleteNote;6;6912;8
it.feio.android.omninotes;TestNoteCreation;testDeleteNote;7;7199;8
it.feio.android.omninotes;TestNoteCreation;testDeleteNote;8;7250;8
it.feio.android.omninotes;TestNoteCreation;testDeleteNote;9;7099;8
it.feio.android.omninotes;TestNoteCreation;testDeleteNote;10;7128;8
it.feio.android.omninotes;TestNoteCreation;testRestoreFromTrash;1;13985;15
it.feio.android.omninotes;TestNoteCreation;testRestoreFromTrash;2;13860;15
it.feio.android.omninotes;TestNoteCreation;testRestoreFromTrash;3;13689;15
it.feio.android.omninotes;TestNoteCreation;testRestoreFromTrash;4;13311;15
it.feio.android.omninotes;TestNoteCreation;testRestoreFromTrash;5;13010;15
it.feio.android.omninotes;TestNoteCreation;testRestoreFromTrash;6;14014;15
it.feio.android.omninotes;TestNoteCreation;testRestoreFromTrash;7;13387;15
it.feio.android.omninotes;TestNoteCreation;testRestoreFromTrash;8;13740;15
it.feio.android.omninotes;TestNoteCreation;testRestoreFromTrash;9;13147;15
it.feio.android.omninotes;TestNoteCreation;testRestoreFromTrash;10;13227;15
it.feio.android.omninotes;TestNoteCreation;testArchiveNote;1;7690;8
it.feio.android.omninotes;TestNoteCreation;testArchiveNote;2;7755;8
it.feio.android.omninotes;TestNoteCreation;testArchiveNote;3;7707;8
it.feio.android.omninotes;TestNoteCreation;testArchiveNote;4;7567;8
it.feio.android.omninotes;TestNoteCreation;testArchiveNote;5;7472;8
it.feio.android.omninotes;TestNoteCreation;testArchiveNote;6;8159;8
it.feio.android.omninotes;TestNoteCreation;testArchiveNote;7;7671;8
it.feio.android.omninotes;TestNoteCreation;testArchiveNote;8;7623;8
it.feio.android.omninotes;TestNoteCreation;testArchiveNote;9;7882;8
it.feio.android.omninotes;TestNoteCreation;testArchiveNote;10;7574;8
it.feio.android.omninotes;TestNoteCreation;testSwipeLeftRight;1;19395;17
it.feio.android.omninotes;TestNoteCreation;testSwipeLeftRight;2;18139;17
it.feio.android.omninotes;TestNoteCreation;testSwipeLeftRight;3;18140;17
it.feio.android.omninotes;TestNoteCreation;testSwipeLeftRight;4;17825;17
it.feio.android.omninotes;TestNoteCreation;testSwipeLeftRight;5;18627;17
it.feio.android.omninotes;TestNoteCreation;testSwipeLeftRight;6;18653;17
it.feio.android.omninotes;TestNoteCreation;testSwipeLeftRight;7;18781;17
it.feio.android.omninotes;TestNoteCreation;testSwipeLeftRight;8;18300;17
it.feio.android.omninotes;TestNoteCreation;testSwipeLeftRight;9;18277;17
it.feio.android.omninotes;TestNoteCreation;testSwipeLeftRight;10;18557;17
it.feio.android.omninotes;TestNoteCreation;testAddReminder;1;9514;8
it.feio.android.omninotes;TestNoteCreation;testAddReminder;2;9242;8
it.feio.android.omninotes;TestNoteCreation;testAddReminder;3;9333;8
it.feio.android.omninotes;TestNoteCreation;testAddReminder;4;9461;8
it.feio.android.omninotes;TestNoteCreation;testAddReminder;5;9470;8
it.feio.android.omninotes;TestNoteCreation;testAddReminder;6;9415;8
it.feio.android.omninotes;TestNoteCreation;testAddReminder;7;9664;8
it.feio.android.omninotes;TestNoteCreation;testAddReminder;8;10713;8
it.feio.android.omninotes;TestNoteCreation;testAddReminder;9;10240;8
it.feio.android.omninotes;TestNoteCreation;testAddReminder;10;9449;8
it.feio.android.omninotes;testSettings;testSettings1;1;4551;5
it.feio.android.omninotes;testSettings;testSettings1;2;4516;5
it.feio.android.omninotes;testSettings;testSettings1;3;4572;5
it.feio.android.omninotes;testSettings;testSettings1;4;4367;5
it.feio.android.omninotes;testSettings;testSettings1;5;4450;5
it.feio.android.omninotes;testSettings;testSettings1;6;4474;5
it.feio.android.omninotes;testSettings;testSettings1;7;4697;5
it.feio.android.omninotes;testSettings;testSettings1;8;4455;5
it.feio.android.omninotes;testSettings;testSettings1;9;4840;5
it.feio.android.omninotes;testSettings;testSettings1;10;4688;5
it.feio.android.omninotes;testSettings;testSettings2;1;4334;4
it.feio.android.omninotes;testSettings;testSettings2;2;4356;4
it.feio.android.omninotes;testSettings;testSettings2;3;4429;4
it.feio.android.omninotes;testSettings;testSettings2;4;4479;4
it.feio.android.omninotes;testSettings;testSettings2;5;4309;4
it.feio.android.omninotes;testSettings;testSettings2;6;4311;4
it.feio.android.omninotes;testSettings;testSettings2;7;4456;4
it.feio.android.omninotes;testSettings;testSettings2;8;4388;4
it.feio.android.omninotes;testSettings;testSettings2;9;4467;4
it.feio.android.omninotes;testSettings;testSettings2;10;4375;4
it.feio.android.omninotes;TestHome;testTextNoteIsDisplayed;1;2907;3
it.feio.android.omninotes;TestHome;testTextNoteIsDisplayed;2;2771;3
it.feio.android.omninotes;TestHome;testTextNoteIsDisplayed;3;2773;3
it.feio.android.omninotes;TestHome;testTextNoteIsDisplayed;4;2692;3
it.feio.android.omninotes;TestHome;testTextNoteIsDisplayed;5;2628;3
it.feio.android.omninotes;TestHome;testTextNoteIsDisplayed;6;2812;3
it.feio.android.omninotes;TestHome;testTextNoteIsDisplayed;7;2709;3
it.feio.android.omninotes;TestHome;testTextNoteIsDisplayed;8;3058;3
it.feio.android.omninotes;TestHome;testTextNoteIsDisplayed;9;3296;3
it.feio.android.omninotes;TestHome;testTextNoteIsDisplayed;10;2933;3
it.feio.android.omninotes;TestHome;testChecklistIsDisplayed;1;2982;3
it.feio.android.omninotes;TestHome;testChecklistIsDisplayed;2;3098;3
it.feio.android.omninotes;TestHome;testChecklistIsDisplayed;3;3036;3
it.feio.android.omninotes;TestHome;testChecklistIsDisplayed;4;3008;3
it.feio.android.omninotes;TestHome;testChecklistIsDisplayed;5;3157;3
it.feio.android.omninotes;TestHome;testChecklistIsDisplayed;6;3032;3
it.feio.android.omninotes;TestHome;testChecklistIsDisplayed;7;3108;3
it.feio.android.omninotes;TestHome;testChecklistIsDisplayed;8;3085;3
it.feio.android.omninotes;TestHome;testChecklistIsDisplayed;9;3051;3
it.feio.android.omninotes;TestHome;testChecklistIsDisplayed;10;2983;3
it.feio.android.omninotes;TestHome;testCameraIsDisplayed;1;3137;3
it.feio.android.omninotes;TestHome;testCameraIsDisplayed;2;3087;3
it.feio.android.omninotes;TestHome;testCameraIsDisplayed;3;3036;3
it.feio.android.omninotes;TestHome;testCameraIsDisplayed;4;3016;3
it.feio.android.omninotes;TestHome;testCameraIsDisplayed;5;3189;3
it.feio.android.omninotes;TestHome;testCameraIsDisplayed;6;3160;3
it.feio.android.omninotes;TestHome;testCameraIsDisplayed;7;2945;3
it.feio.android.omninotes;TestHome;testCameraIsDisplayed;8;3060;3
it.feio.android.omninotes;TestHome;testCameraIsDisplayed;9;3125;3
it.feio.android.omninotes;TestHome;testCameraIsDisplayed;10;3050;3
it.feio.android.omninotes;TestHome;testReducedViewMenu;1;4476;6
it.feio.android.omninotes;TestHome;testReducedViewMenu;2;4691;6
it.feio.android.omninotes;TestHome;testReducedViewMenu;3;4830;6
it.feio.android.omninotes;TestHome;testReducedViewMenu;4;4573;6
it.feio.android.omninotes;TestHome;testReducedViewMenu;5;4663;6
it.feio.android.omninotes;TestHome;testReducedViewMenu;6;4604;6
it.feio.android.omninotes;TestHome;testReducedViewMenu;7;4568;6
it.feio.android.omninotes;TestHome;testReducedViewMenu;8;4677;6
it.feio.android.omninotes;TestHome;testReducedViewMenu;9;4885;6
it.feio.android.omninotes;TestHome;testReducedViewMenu;10;4592;6
it.feio.android.omninotes;TestHome;testLeftMenuContent;1;4008;4
it.feio.android.omninotes;TestHome;testLeftMenuContent;2;3753;4
it.feio.android.omninotes;TestHome;testLeftMenuContent;3;3808;4
it.feio.android.omninotes;TestHome;testLeftMenuContent;4;3895;4
it.feio.android.omninotes;TestHome;testLeftMenuContent;5;3767;4
it.feio.android.omninotes;TestHome;testLeftMenuContent;6;3696;4
it.feio.android.omninotes;TestHome;testLeftMenuContent;7;3709;4
it.feio.android.omninotes;TestHome;testLeftMenuContent;8;3763;4
it.feio.android.omninotes;TestHome;testLeftMenuContent;9;3864;4
it.feio.android.omninotes;TestHome;testLeftMenuContent;10;3656;4
it.feio.android.omninotes;TestHome;testOrderByMenu;1;3661;6
it.feio.android.omninotes;TestHome;testOrderByMenu;2;3874;6
it.feio.android.omninotes;TestHome;testOrderByMenu;3;3646;6
it.feio.android.omninotes;TestHome;testOrderByMenu;4;3721;6
it.feio.android.omninotes;TestHome;testOrderByMenu;5;3677;6
it.feio.android.omninotes;TestHome;testOrderByMenu;6;3871;6
it.feio.android.omninotes;TestHome;testOrderByMenu;7;3803;6
it.feio.android.omninotes;TestHome;testOrderByMenu;8;3845;6
it.feio.android.omninotes;TestHome;testOrderByMenu;9;3776;6
it.feio.android.omninotes;TestHome;testOrderByMenu;10;3760;6
it.feio.android.omninotes;TestHome;testSearchButtons;1;4103;6
it.feio.android.omninotes;TestHome;testSearchButtons;2;4068;6
it.feio.android.omninotes;TestHome;testSearchButtons;3;4566;6
it.feio.android.omninotes;TestHome;testSearchButtons;4;4126;6
it.feio.android.omninotes;TestHome;testSearchButtons;5;3925;6
it.feio.android.omninotes;TestHome;testSearchButtons;6;4018;6
it.feio.android.omninotes;TestHome;testSearchButtons;7;4105;6
it.feio.android.omninotes;TestHome;testSearchButtons;8;4031;6
it.feio.android.omninotes;TestHome;testSearchButtons;9;4110;6
it.feio.android.omninotes;TestHome;testSearchButtons;10;3962;6
it.feio.android.omninotes;TestSearchChecklist;testCreateChecklist;1;6206;6
it.feio.android.omninotes;TestSearchChecklist;testCreateChecklist;2;6202;6
it.feio.android.omninotes;TestSearchChecklist;testCreateChecklist;3;6106;6
it.feio.android.omninotes;TestSearchChecklist;testCreateChecklist;4;6047;6
it.feio.android.omninotes;TestSearchChecklist;testCreateChecklist;5;6043;6
it.feio.android.omninotes;TestSearchChecklist;testCreateChecklist;6;6057;6
it.feio.android.omninotes;TestSearchChecklist;testCreateChecklist;7;6417;6
it.feio.android.omninotes;TestSearchChecklist;testCreateChecklist;8;6364;6
it.feio.android.omninotes;TestSearchChecklist;testCreateChecklist;9;6236;6
it.feio.android.omninotes;TestSearchChecklist;testCreateChecklist;10;6345;6
it.feio.android.omninotes;TestSearchChecklist;testDisableChecklist;1;8619;8
it.feio.android.omninotes;TestSearchChecklist;testDisableChecklist;2;8857;8
it.feio.android.omninotes;TestSearchChecklist;testDisableChecklist;3;8570;8
it.feio.android.omninotes;TestSearchChecklist;testDisableChecklist;4;8468;8
it.feio.android.omninotes;TestSearchChecklist;testDisableChecklist;5;8929;8
it.feio.android.omninotes;TestSearchChecklist;testDisableChecklist;6;8376;8
it.feio.android.omninotes;TestSearchChecklist;testDisableChecklist;7;8564;8
it.feio.android.omninotes;TestSearchChecklist;testDisableChecklist;8;8751;8
it.feio.android.omninotes;TestSearchChecklist;testDisableChecklist;9;8559;8
it.feio.android.omninotes;TestSearchChecklist;testDisableChecklist;10;8754;8
it.feio.android.omninotes;TestSearchChecklist;testSearch;1;8402;10
it.feio.android.omninotes;TestSearchChecklist;testSearch;2;8678;10
it.feio.android.omninotes;TestSearchChecklist;testSearch;3;8574;10
it.feio.android.omninotes;TestSearchChecklist;testSearch;4;9078;10
it.feio.android.omninotes;TestSearchChecklist;testSearch;5;8499;10
it.feio.android.omninotes;TestSearchChecklist;testSearch;6;8872;10
it.feio.android.omninotes;TestSearchChecklist;testSearch;7;8517;10
it.feio.android.omninotes;TestSearchChecklist;testSearch;8;8662;10
it.feio.android.omninotes;TestSearchChecklist;testSearch;9;8400;10
it.feio.android.omninotes;TestSearchChecklist;testSearch;10;8805;10
it.feio.android.omninotes;TestSearchChecklist;testWrongSearch;1;7002;7
it.feio.android.omninotes;TestSearchChecklist;testWrongSearch;2;7211;7
it.feio.android.omninotes;TestSearchChecklist;testWrongSearch;3;7087;7
it.feio.android.omninotes;TestSearchChecklist;testWrongSearch;4;7091;7
it.feio.android.omninotes;TestSearchChecklist;testWrongSearch;5;7166;7
it.feio.android.omninotes;TestSearchChecklist;testWrongSearch;6;7511;7
it.feio.android.omninotes;TestSearchChecklist;testWrongSearch;7;7470;7
it.feio.android.omninotes;TestSearchChecklist;testWrongSearch;8;7095;7
it.feio.android.omninotes;TestSearchChecklist;testWrongSearch;9;7799;7
it.feio.android.omninotes;TestSearchChecklist;testWrongSearch;10;7187;7
it.feio.android.omninotes;TestAdditionalFeatures;testAddShortcut;1;10720;12
it.feio.android.omninotes;TestAdditionalFeatures;testAddShortcut;2;10425;12
it.feio.android.omninotes;TestAdditionalFeatures;testAddShortcut;3;10112;12
it.feio.android.omninotes;TestAdditionalFeatures;testAddShortcut;4;10192;12
it.feio.android.omninotes;TestAdditionalFeatures;testAddShortcut;5;10244;12
it.feio.android.omninotes;TestAdditionalFeatures;testAddShortcut;6;10018;12
it.feio.android.omninotes;TestAdditionalFeatures;testAddShortcut;7;10048;12
it.feio.android.omninotes;TestAdditionalFeatures;testAddShortcut;8;10642;12
it.feio.android.omninotes;TestAdditionalFeatures;testAddShortcut;9;10545;12
it.feio.android.omninotes;TestAdditionalFeatures;testAddShortcut;10;10623;12
it.feio.android.omninotes;TestAdditionalFeatures;testDiscardChanges;1;6504;6
it.feio.android.omninotes;TestAdditionalFeatures;testDiscardChanges;2;6304;6
it.feio.android.omninotes;TestAdditionalFeatures;testDiscardChanges;3;6404;6
it.feio.android.omninotes;TestAdditionalFeatures;testDiscardChanges;4;6319;6
it.feio.android.omninotes;TestAdditionalFeatures;testDiscardChanges;5;6456;6
it.feio.android.omninotes;TestAdditionalFeatures;testDiscardChanges;6;6396;6
it.feio.android.omninotes;TestAdditionalFeatures;testDiscardChanges;7;6281;6
it.feio.android.omninotes;TestAdditionalFeatures;testDiscardChanges;8;6428;6
it.feio.android.omninotes;TestAdditionalFeatures;testDiscardChanges;9;6542;6
it.feio.android.omninotes;TestAdditionalFeatures;testDiscardChanges;10;6388;6
it.feio.android.omninotes;TestAdditionalFeatures;testDiscardOnExistingNote;1;8590;9
it.feio.android.omninotes;TestAdditionalFeatures;testDiscardOnExistingNote;2;8680;9
it.feio.android.omninotes;TestAdditionalFeatures;testDiscardOnExistingNote;3;8562;9
it.feio.android.omninotes;TestAdditionalFeatures;testDiscardOnExistingNote;4;8568;9
it.feio.android.omninotes;TestAdditionalFeatures;testDiscardOnExistingNote;5;8729;9
it.feio.android.omninotes;TestAdditionalFeatures;testDiscardOnExistingNote;6;8685;9
it.feio.android.omninotes;TestAdditionalFeatures;testDiscardOnExistingNote;7;8776;9
it.feio.android.omninotes;TestAdditionalFeatures;testDiscardOnExistingNote;8;8653;9
it.feio.android.omninotes;TestAdditionalFeatures;testDiscardOnExistingNote;9;8718;9
it.feio.android.omninotes;TestAdditionalFeatures;testDiscardOnExistingNote;10;8925;9
it.feio.android.omninotes;TestAdditionalFeatures;testTimestamp;1;6561;6
it.feio.android.omninotes;TestAdditionalFeatures;testTimestamp;2;7920;6
it.feio.android.omninotes;TestAdditionalFeatures;testTimestamp;3;7525;6
it.feio.android.omninotes;TestAdditionalFeatures;testTimestamp;4;7357;6
it.feio.android.omninotes;TestAdditionalFeatures;testTimestamp;5;6942;6
it.feio.android.omninotes;TestAdditionalFeatures;testTimestamp;6;6652;6
it.feio.android.omninotes;TestAdditionalFeatures;testTimestamp;7;6150;6
it.feio.android.omninotes;TestAdditionalFeatures;testTimestamp;8;6407;6
it.feio.android.omninotes;TestAdditionalFeatures;testTimestamp;9;6737;6
it.feio.android.omninotes;TestAdditionalFeatures;testTimestamp;10;6749;6
it.feio.android.omninotes;TestAdditionalFeatures;testSketch;1;7523;10
it.feio.android.omninotes;TestAdditionalFeatures;testSketch;2;7697;10
it.feio.android.omninotes;TestAdditionalFeatures;testSketch;3;7321;10
it.feio.android.omninotes;TestAdditionalFeatures;testSketch;4;7275;10
it.feio.android.omninotes;TestAdditionalFeatures;testSketch;5;7038;10
it.feio.android.omninotes;TestAdditionalFeatures;testSketch;6;7339;10
it.feio.android.omninotes;TestAdditionalFeatures;testSketch;7;7075;10
it.feio.android.omninotes;TestAdditionalFeatures;testSketch;8;7412;10
it.feio.android.omninotes;TestAdditionalFeatures;testSketch;9;7503;10
it.feio.android.omninotes;TestAdditionalFeatures;testSketch;10;7298;10
it.feio.android.omninotes;TestAdditionalFeatures;testRemoveCategory;1;7553;5
it.feio.android.omninotes;TestAdditionalFeatures;testRemoveCategory;2;6853;5
it.feio.android.omninotes;TestAdditionalFeatures;testRemoveCategory;3;7094;5
it.feio.android.omninotes;TestAdditionalFeatures;testRemoveCategory;4;7020;5
it.feio.android.omninotes;TestAdditionalFeatures;testRemoveCategory;5;6823;5
it.feio.android.omninotes;TestAdditionalFeatures;testRemoveCategory;6;6730;5
it.feio.android.omninotes;TestAdditionalFeatures;testRemoveCategory;7;7181;5
it.feio.android.omninotes;TestAdditionalFeatures;testRemoveCategory;8;6982;5
it.feio.android.omninotes;TestAdditionalFeatures;testRemoveCategory;9;7108;5
it.feio.android.omninotes;TestAdditionalFeatures;testRemoveCategory;10;7338;5
it.feio.android.omninotes;TestUndoOrder;testUndo;1;7668;6
it.feio.android.omninotes;TestUndoOrder;testUndo;2;7896;6
it.feio.android.omninotes;TestUndoOrder;testUndo;3;7669;6
it.feio.android.omninotes;TestUndoOrder;testUndo;4;8364;6
it.feio.android.omninotes;TestUndoOrder;testUndo;5;8470;6
it.feio.android.omninotes;TestUndoOrder;testUndo;6;8236;6
it.feio.android.omninotes;TestUndoOrder;testUndo;7;8100;6
it.feio.android.omninotes;TestUndoOrder;testUndo;8;8248;6
it.feio.android.omninotes;TestUndoOrder;testUndo;9;8380;6
it.feio.android.omninotes;TestUndoOrder;testUndo;10;8289;6
it.feio.android.omninotes;TestUndoOrder;testTrashUndo;1;12103;9
it.feio.android.omninotes;TestUndoOrder;testTrashUndo;2;12326;9
it.feio.android.omninotes;TestUndoOrder;testTrashUndo;3;11557;9
it.feio.android.omninotes;TestUndoOrder;testTrashUndo;4;11832;9
it.feio.android.omninotes;TestUndoOrder;testTrashUndo;5;11239;9
it.feio.android.omninotes;TestUndoOrder;testTrashUndo;6;11318;9
it.feio.android.omninotes;TestUndoOrder;testTrashUndo;7;12193;9
it.feio.android.omninotes;TestUndoOrder;testTrashUndo;8;11768;9
it.feio.android.omninotes;TestUndoOrder;testTrashUndo;9;11140;9
it.feio.android.omninotes;TestUndoOrder;testTrashUndo;10;11957;9
it.feio.android.omninotes;TestUndoOrder;testSelectAll;1;11121;9
it.feio.android.omninotes;TestUndoOrder;testSelectAll;2;10751;9
it.feio.android.omninotes;TestUndoOrder;testSelectAll;3;10238;9
it.feio.android.omninotes;TestUndoOrder;testSelectAll;4;11341;9
it.feio.android.omninotes;TestUndoOrder;testSelectAll;5;10710;9
it.feio.android.omninotes;TestUndoOrder;testSelectAll;6;10893;9
it.feio.android.omninotes;TestUndoOrder;testSelectAll;7;11223;9
it.feio.android.omninotes;TestUndoOrder;testSelectAll;8;11093;9
it.feio.android.omninotes;TestUndoOrder;testSelectAll;9;10837;9
it.feio.android.omninotes;TestUndoOrder;testSelectAll;10;10609;9
it.feio.android.omninotes;TestUndoOrder;testOrderByCreationDate;1;11071;8
it.feio.android.omninotes;TestUndoOrder;testOrderByCreationDate;2;10804;8
it.feio.android.omninotes;TestUndoOrder;testOrderByCreationDate;3;11544;8
it.feio.android.omninotes;TestUndoOrder;testOrderByCreationDate;4;10998;8
it.feio.android.omninotes;TestUndoOrder;testOrderByCreationDate;5;11017;8
it.feio.android.omninotes;TestUndoOrder;testOrderByCreationDate;6;11087;8
it.feio.android.omninotes;TestUndoOrder;testOrderByCreationDate;7;11188;8
it.feio.android.omninotes;TestUndoOrder;testOrderByCreationDate;8;11631;8
it.feio.android.omninotes;TestUndoOrder;testOrderByCreationDate;9;11019;8
it.feio.android.omninotes;TestUndoOrder;testOrderByCreationDate;10;12323;8
it.feio.android.omninotes;TestUndoOrder;testOrderByModificationDate;1;11941;8
it.feio.android.omninotes;TestUndoOrder;testOrderByModificationDate;2;16269;8
it.feio.android.omninotes;TestUndoOrder;testOrderByModificationDate;3;12368;8
it.feio.android.omninotes;TestUndoOrder;testOrderByModificationDate;4;12422;8
it.feio.android.omninotes;TestUndoOrder;testOrderByModificationDate;5;11458;8
it.feio.android.omninotes;TestUndoOrder;testOrderByModificationDate;6;10901;8
it.feio.android.omninotes;TestUndoOrder;testOrderByModificationDate;7;11049;8
it.feio.android.omninotes;TestUndoOrder;testOrderByModificationDate;8;10840;8
it.feio.android.omninotes;TestUndoOrder;testOrderByModificationDate;9;11749;8
it.feio.android.omninotes;TestUndoOrder;testOrderByModificationDate;10;11820;8
org.ligi.passandroid;TestHomeActivity;testCreatePassIsShown;1;3683;4
org.ligi.passandroid;TestHomeActivity;testCreatePassIsShown;2;4070;4
org.ligi.passandroid;TestHomeActivity;testCreatePassIsShown;3;3878;4
org.ligi.passandroid;TestHomeActivity;testCreatePassIsShown;4;4055;4
org.ligi.passandroid;TestHomeActivity;testCreatePassIsShown;5;3776;4
org.ligi.passandroid;TestHomeActivity;testCreatePassIsShown;6;3699;4
org.ligi.passandroid;TestHomeActivity;testCreatePassIsShown;7;4043;4
org.ligi.passandroid;TestHomeActivity;testCreatePassIsShown;8;3626;4
org.ligi.passandroid;TestHomeActivity;testCreatePassIsShown;9;3818;4
org.ligi.passandroid;TestHomeActivity;testCreatePassIsShown;10;4120;4
org.ligi.passandroid;TestHomeActivity;testScanIsShown;1;3936;4
org.ligi.passandroid;TestHomeActivity;testScanIsShown;2;3995;4
org.ligi.passandroid;TestHomeActivity;testScanIsShown;3;3950;4
org.ligi.passandroid;TestHomeActivity;testScanIsShown;4;4100;4
org.ligi.passandroid;TestHomeActivity;testScanIsShown;5;3833;4
org.ligi.passandroid;TestHomeActivity;testScanIsShown;6;3903;4
org.ligi.passandroid;TestHomeActivity;testScanIsShown;7;4198;4
org.ligi.passandroid;TestHomeActivity;testScanIsShown;8;3756;4
org.ligi.passandroid;TestHomeActivity;testScanIsShown;9;4027;4
org.ligi.passandroid;TestHomeActivity;testScanIsShown;10;4085;4
org.ligi.passandroid;TestHomeActivity;testDemoPassIsShown;1;4048;4
org.ligi.passandroid;TestHomeActivity;testDemoPassIsShown;2;3879;4
org.ligi.passandroid;TestHomeActivity;testDemoPassIsShown;3;3842;4
org.ligi.passandroid;TestHomeActivity;testDemoPassIsShown;4;3790;4
org.ligi.passandroid;TestHomeActivity;testDemoPassIsShown;5;3924;4
org.ligi.passandroid;TestHomeActivity;testDemoPassIsShown;6;3914;4
org.ligi.passandroid;TestHomeActivity;testDemoPassIsShown;7;3804;4
org.ligi.passandroid;TestHomeActivity;testDemoPassIsShown;8;3974;4
org.ligi.passandroid;TestHomeActivity;testDemoPassIsShown;9;3932;4
org.ligi.passandroid;TestHomeActivity;testDemoPassIsShown;10;3811;4
org.ligi.passandroid;TestHomeActivity;testOpenFileIsShown;1;3736;4
org.ligi.passandroid;TestHomeActivity;testOpenFileIsShown;2;3803;4
org.ligi.passandroid;TestHomeActivity;testOpenFileIsShown;3;3856;4
org.ligi.passandroid;TestHomeActivity;testOpenFileIsShown;4;3882;4
org.ligi.passandroid;TestHomeActivity;testOpenFileIsShown;5;3992;4
org.ligi.passandroid;TestHomeActivity;testOpenFileIsShown;6;3894;4
org.ligi.passandroid;TestHomeActivity;testOpenFileIsShown;7;5599;4
org.ligi.passandroid;TestHomeActivity;testOpenFileIsShown;8;4268;4
org.ligi.passandroid;TestHomeActivity;testOpenFileIsShown;9;4066;4
org.ligi.passandroid;TestHomeActivity;testOpenFileIsShown;10;3981;4
org.ligi.passandroid;TestHomeActivity;testFabButtonGoesBackWithClick;1;3943;3
org.ligi.passandroid;TestHomeActivity;testFabButtonGoesBackWithClick;2;3770;3
org.ligi.passandroid;TestHomeActivity;testFabButtonGoesBackWithClick;3;4015;3
org.ligi.passandroid;TestHomeActivity;testFabButtonGoesBackWithClick;4;3968;3
org.ligi.passandroid;TestHomeActivity;testFabButtonGoesBackWithClick;5;3929;3
org.ligi.passandroid;TestHomeActivity;testFabButtonGoesBackWithClick;6;4083;3
org.ligi.passandroid;TestHomeActivity;testFabButtonGoesBackWithClick;7;4037;3
org.ligi.passandroid;TestHomeActivity;testFabButtonGoesBackWithClick;8;4024;3
org.ligi.passandroid;TestHomeActivity;testFabButtonGoesBackWithClick;9;4035;3
org.ligi.passandroid;TestHomeActivity;testFabButtonGoesBackWithClick;10;3808;3
org.ligi.passandroid;TestHomeActivity;testWhatIsIt;1;4950;3
org.ligi.passandroid;TestHomeActivity;testWhatIsIt;2;4268;3
org.ligi.passandroid;TestHomeActivity;testWhatIsIt;3;4173;3
org.ligi.passandroid;TestHomeActivity;testWhatIsIt;4;4339;3
org.ligi.passandroid;TestHomeActivity;testWhatIsIt;5;4233;3
org.ligi.passandroid;TestHomeActivity;testWhatIsIt;6;3978;3
org.ligi.passandroid;TestHomeActivity;testWhatIsIt;7;5017;3
org.ligi.passandroid;TestHomeActivity;testWhatIsIt;8;4174;3
org.ligi.passandroid;TestHomeActivity;testWhatIsIt;9;4254;3
org.ligi.passandroid;TestHomeActivity;testWhatIsIt;10;4281;3
org.ligi.passandroid;TestHomeActivity;testLeftMenuIsShown;1;4276;4
org.ligi.passandroid;TestHomeActivity;testLeftMenuIsShown;2;4270;4
org.ligi.passandroid;TestHomeActivity;testLeftMenuIsShown;3;4376;4
org.ligi.passandroid;TestHomeActivity;testLeftMenuIsShown;4;3970;4
org.ligi.passandroid;TestHomeActivity;testLeftMenuIsShown;5;4122;4
org.ligi.passandroid;TestHomeActivity;testLeftMenuIsShown;6;4222;4
org.ligi.passandroid;TestHomeActivity;testLeftMenuIsShown;7;4203;4
org.ligi.passandroid;TestHomeActivity;testLeftMenuIsShown;8;4386;4
org.ligi.passandroid;TestHomeActivity;testLeftMenuIsShown;9;4293;4
org.ligi.passandroid;TestHomeActivity;testLeftMenuIsShown;10;4265;4
org.ligi.passandroid;TestPassEditActivityTypes;testSetToBoardingPassWorks;1;5413;4
org.ligi.passandroid;TestPassEditActivityTypes;testSetToBoardingPassWorks;2;5297;4
org.ligi.passandroid;TestPassEditActivityTypes;testSetToBoardingPassWorks;3;5365;4
org.ligi.passandroid;TestPassEditActivityTypes;testSetToBoardingPassWorks;4;5332;4
org.ligi.passandroid;TestPassEditActivityTypes;testSetToBoardingPassWorks;5;5332;4
org.ligi.passandroid;TestPassEditActivityTypes;testSetToBoardingPassWorks;6;5434;4
org.ligi.passandroid;TestPassEditActivityTypes;testSetToBoardingPassWorks;7;5490;4
org.ligi.passandroid;TestPassEditActivityTypes;testSetToBoardingPassWorks;8;5383;4
org.ligi.passandroid;TestPassEditActivityTypes;testSetToBoardingPassWorks;9;5099;4
org.ligi.passandroid;TestPassEditActivityTypes;testSetToBoardingPassWorks;10;5310;4
org.ligi.passandroid;TestPassEditActivityTypes;testSetToEventWorks;1;5573;4
org.ligi.passandroid;TestPassEditActivityTypes;testSetToEventWorks;2;5180;4
org.ligi.passandroid;TestPassEditActivityTypes;testSetToEventWorks;3;5635;4
org.ligi.passandroid;TestPassEditActivityTypes;testSetToEventWorks;4;5395;4
org.ligi.passandroid;TestPassEditActivityTypes;testSetToEventWorks;5;5258;4
org.ligi.passandroid;TestPassEditActivityTypes;testSetToEventWorks;6;5362;4
org.ligi.passandroid;TestPassEditActivityTypes;testSetToEventWorks;7;5359;4
org.ligi.passandroid;TestPassEditActivityTypes;testSetToEventWorks;8;5212;4
org.ligi.passandroid;TestPassEditActivityTypes;testSetToEventWorks;9;5257;4
org.ligi.passandroid;TestPassEditActivityTypes;testSetToEventWorks;10;5549;4
org.ligi.passandroid;TestPassEditActivityTypes;testSetToCouponWorks;1;5145;4
org.ligi.passandroid;TestPassEditActivityTypes;testSetToCouponWorks;2;5151;4
org.ligi.passandroid;TestPassEditActivityTypes;testSetToCouponWorks;3;5357;4
org.ligi.passandroid;TestPassEditActivityTypes;testSetToCouponWorks;4;5298;4
org.ligi.passandroid;TestPassEditActivityTypes;testSetToCouponWorks;5;7136;4
org.ligi.passandroid;TestPassEditActivityTypes;testSetToCouponWorks;6;5801;4
org.ligi.passandroid;TestPassEditActivityTypes;testSetToCouponWorks;7;5636;4
org.ligi.passandroid;TestPassEditActivityTypes;testSetToCouponWorks;8;5453;4
org.ligi.passandroid;TestPassEditActivityTypes;testSetToCouponWorks;9;5268;4
org.ligi.passandroid;TestPassEditActivityTypes;testSetToCouponWorks;10;5423;4
org.ligi.passandroid;TestPassEditActivityTypes;testSetToStoreCardWorks;1;5213;4
org.ligi.passandroid;TestPassEditActivityTypes;testSetToStoreCardWorks;2;5288;4
org.ligi.passandroid;TestPassEditActivityTypes;testSetToStoreCardWorks;3;5405;4
org.ligi.passandroid;TestPassEditActivityTypes;testSetToStoreCardWorks;4;5280;4
org.ligi.passandroid;TestPassEditActivityTypes;testSetToStoreCardWorks;5;5502;4
org.ligi.passandroid;TestPassEditActivityTypes;testSetToStoreCardWorks;6;5392;4
org.ligi.passandroid;TestPassEditActivityTypes;testSetToStoreCardWorks;7;5301;4
org.ligi.passandroid;TestPassEditActivityTypes;testSetToStoreCardWorks;8;5417;4
org.ligi.passandroid;TestPassEditActivityTypes;testSetToStoreCardWorks;9;5539;4
org.ligi.passandroid;TestPassEditActivityTypes;testSetToStoreCardWorks;10;5391;4
org.ligi.passandroid;TestPassEditActivityTypes;testSetToAnyThenGenericWorks;1;5827;5
org.ligi.passandroid;TestPassEditActivityTypes;testSetToAnyThenGenericWorks;2;5559;5
org.ligi.passandroid;TestPassEditActivityTypes;testSetToAnyThenGenericWorks;3;5738;5
org.ligi.passandroid;TestPassEditActivityTypes;testSetToAnyThenGenericWorks;4;5729;5
org.ligi.passandroid;TestPassEditActivityTypes;testSetToAnyThenGenericWorks;5;5788;5
org.ligi.passandroid;TestPassEditActivityTypes;testSetToAnyThenGenericWorks;6;6025;5
org.ligi.passandroid;TestPassEditActivityTypes;testSetToAnyThenGenericWorks;7;5610;5
org.ligi.passandroid;TestPassEditActivityTypes;testSetToAnyThenGenericWorks;8;5549;5
org.ligi.passandroid;TestPassEditActivityTypes;testSetToAnyThenGenericWorks;9;5629;5
org.ligi.passandroid;TestPassEditActivityTypes;testSetToAnyThenGenericWorks;10;6245;5
org.ligi.passandroid;TestCreatePassTabs;testTimePickerWorks;1;7627;6
org.ligi.passandroid;TestCreatePassTabs;testTimePickerWorks;2;7094;6
org.ligi.passandroid;TestCreatePassTabs;testTimePickerWorks;3;8420;6
org.ligi.passandroid;TestCreatePassTabs;testTimePickerWorks;4;7330;6
org.ligi.passandroid;TestCreatePassTabs;testTimePickerWorks;5;8963;6
org.ligi.passandroid;TestCreatePassTabs;testTimePickerWorks;6;8511;6
org.ligi.passandroid;TestCreatePassTabs;testTimePickerWorks;7;8629;6
org.ligi.passandroid;TestCreatePassTabs;testTimePickerWorks;8;8029;6
org.ligi.passandroid;TestCreatePassTabs;testTimePickerWorks;9;8003;6
org.ligi.passandroid;TestCreatePassTabs;testTimePickerWorks;10;8758;6
org.ligi.passandroid;TestCreatePassTabs;testCalendarIsShown;1;8548;7
org.ligi.passandroid;TestCreatePassTabs;testCalendarIsShown;2;8347;7
org.ligi.passandroid;TestCreatePassTabs;testCalendarIsShown;3;8343;7
org.ligi.passandroid;TestCreatePassTabs;testCalendarIsShown;4;8114;7
org.ligi.passandroid;TestCreatePassTabs;testCalendarIsShown;5;7764;7
org.ligi.passandroid;TestCreatePassTabs;testCalendarIsShown;6;7758;7
org.ligi.passandroid;TestCreatePassTabs;testCalendarIsShown;7;10131;7
org.ligi.passandroid;TestCreatePassTabs;testCalendarIsShown;8;8706;7
org.ligi.passandroid;TestCreatePassTabs;testCalendarIsShown;9;8672;7
org.ligi.passandroid;TestCreatePassTabs;testCalendarIsShown;10;8757;7
org.ligi.passandroid;TestCreatePassTabs;testColorWheelIsThere;1;9199;7
org.ligi.passandroid;TestCreatePassTabs;testColorWheelIsThere;2;9820;7
org.ligi.passandroid;TestCreatePassTabs;testColorWheelIsThere;3;8520;7
org.ligi.passandroid;TestCreatePassTabs;testColorWheelIsThere;4;8893;7
org.ligi.passandroid;TestCreatePassTabs;testColorWheelIsThere;5;8495;7
org.ligi.passandroid;TestCreatePassTabs;testColorWheelIsThere;6;9270;7
org.ligi.passandroid;TestCreatePassTabs;testColorWheelIsThere;7;8528;7
org.ligi.passandroid;TestCreatePassTabs;testColorWheelIsThere;8;8907;7
org.ligi.passandroid;TestCreatePassTabs;testColorWheelIsThere;9;9103;7
org.ligi.passandroid;TestCreatePassTabs;testColorWheelIsThere;10;9080;7
org.ligi.passandroid;TestCreatePassTabs;testImageOptionsAreThere;1;6603;9
org.ligi.passandroid;TestCreatePassTabs;testImageOptionsAreThere;2;7641;9
org.ligi.passandroid;TestCreatePassTabs;testImageOptionsAreThere;3;6793;9
org.ligi.passandroid;TestCreatePassTabs;testImageOptionsAreThere;4;7791;9
org.ligi.passandroid;TestCreatePassTabs;testImageOptionsAreThere;5;7092;9
org.ligi.passandroid;TestCreatePassTabs;testImageOptionsAreThere;6;7132;9
org.ligi.passandroid;TestCreatePassTabs;testImageOptionsAreThere;7;8105;9
org.ligi.passandroid;TestCreatePassTabs;testImageOptionsAreThere;8;7690;9
org.ligi.passandroid;TestCreatePassTabs;testImageOptionsAreThere;9;8037;9
org.ligi.passandroid;TestCreatePassTabs;testImageOptionsAreThere;10;6934;9
org.ligi.passandroid;TestCreatePassTabs;testSwipeBackToFirstPage;1;15470;12
org.ligi.passandroid;TestCreatePassTabs;testSwipeBackToFirstPage;2;14677;12
org.ligi.passandroid;TestCreatePassTabs;testSwipeBackToFirstPage;3;14870;12
org.ligi.passandroid;TestCreatePassTabs;testSwipeBackToFirstPage;4;13823;12
org.ligi.passandroid;TestCreatePassTabs;testSwipeBackToFirstPage;5;14006;12
org.ligi.passandroid;TestCreatePassTabs;testSwipeBackToFirstPage;6;14490;12
org.ligi.passandroid;TestCreatePassTabs;testSwipeBackToFirstPage;7;15842;12
org.ligi.passandroid;TestCreatePassTabs;testSwipeBackToFirstPage;8;14163;12
org.ligi.passandroid;TestCreatePassTabs;testSwipeBackToFirstPage;9;15178;12
org.ligi.passandroid;TestCreatePassTabs;testSwipeBackToFirstPage;10;15459;12
org.ligi.passandroid;TestEditPassProperties;testSetDescriptionWorks;1;9289;5
org.ligi.passandroid;TestEditPassProperties;testSetDescriptionWorks;2;9140;5
org.ligi.passandroid;TestEditPassProperties;testSetDescriptionWorks;3;9499;5
org.ligi.passandroid;TestEditPassProperties;testSetDescriptionWorks;4;8298;5
org.ligi.passandroid;TestEditPassProperties;testSetDescriptionWorks;5;8013;5
org.ligi.passandroid;TestEditPassProperties;testSetDescriptionWorks;6;8341;5
org.ligi.passandroid;TestEditPassProperties;testSetDescriptionWorks;7;8661;5
org.ligi.passandroid;TestEditPassProperties;testSetDescriptionWorks;8;8582;5
org.ligi.passandroid;TestEditPassProperties;testSetDescriptionWorks;9;7516;5
org.ligi.passandroid;TestEditPassProperties;testSetDescriptionWorks;10;8346;5
org.ligi.passandroid;TestEditPassProperties;testCanSetToQR;1;9631;8
org.ligi.passandroid;TestEditPassProperties;testCanSetToQR;2;9449;8
org.ligi.passandroid;TestEditPassProperties;testCanSetToQR;3;9470;8
org.ligi.passandroid;TestEditPassProperties;testCanSetToQR;4;9144;8
org.ligi.passandroid;TestEditPassProperties;testCanSetToQR;5;9748;8
org.ligi.passandroid;TestEditPassProperties;testCanSetToQR;6;9403;8
org.ligi.passandroid;TestEditPassProperties;testCanSetToQR;7;9767;8
org.ligi.passandroid;TestEditPassProperties;testCanSetToQR;8;9623;8
org.ligi.passandroid;TestEditPassProperties;testCanSetToQR;9;9824;8
org.ligi.passandroid;TestEditPassProperties;testCanSetToQR;10;9609;8
org.ligi.passandroid;TestEditPassProperties;testCanSetToPDF417;1;11538;8
org.ligi.passandroid;TestEditPassProperties;testCanSetToPDF417;2;11109;8
org.ligi.passandroid;TestEditPassProperties;testCanSetToPDF417;3;10792;8
org.ligi.passandroid;TestEditPassProperties;testCanSetToPDF417;4;11616;8
org.ligi.passandroid;TestEditPassProperties;testCanSetToPDF417;5;11445;8
org.ligi.passandroid;TestEditPassProperties;testCanSetToPDF417;6;11303;8
org.ligi.passandroid;TestEditPassProperties;testCanSetToPDF417;7;10980;8
org.ligi.passandroid;TestEditPassProperties;testCanSetToPDF417;8;11486;8
org.ligi.passandroid;TestEditPassProperties;testCanSetToPDF417;9;11236;8
org.ligi.passandroid;TestEditPassProperties;testCanSetToPDF417;10;11600;8
org.ligi.passandroid;TestEditPassProperties;testCanSetToAZTEC;1;11678;8
org.ligi.passandroid;TestEditPassProperties;testCanSetToAZTEC;2;13023;8
org.ligi.passandroid;TestEditPassProperties;testCanSetToAZTEC;3;11322;8
org.ligi.passandroid;TestEditPassProperties;testCanSetToAZTEC;4;11389;8
org.ligi.passandroid;TestEditPassProperties;testCanSetToAZTEC;5;11540;8
org.ligi.passandroid;TestEditPassProperties;testCanSetToAZTEC;6;11090;8
org.ligi.passandroid;TestEditPassProperties;testCanSetToAZTEC;7;11437;8
org.ligi.passandroid;TestEditPassProperties;testCanSetToAZTEC;8;11648;8
org.ligi.passandroid;TestEditPassProperties;testCanSetToAZTEC;9;11458;8
org.ligi.passandroid;TestEditPassProperties;testCanSetToAZTEC;10;11788;8
org.ligi.passandroid;TestEditPassProperties;testCanSetMessage;1;11633;9
org.ligi.passandroid;TestEditPassProperties;testCanSetMessage;2;12380;9
org.ligi.passandroid;TestEditPassProperties;testCanSetMessage;3;12287;9
org.ligi.passandroid;TestEditPassProperties;testCanSetMessage;4;12795;9
org.ligi.passandroid;TestEditPassProperties;testCanSetMessage;5;12411;9
org.ligi.passandroid;TestEditPassProperties;testCanSetMessage;6;12889;9
org.ligi.passandroid;TestEditPassProperties;testCanSetMessage;7;11623;9
org.ligi.passandroid;TestEditPassProperties;testCanSetMessage;8;12445;9
org.ligi.passandroid;TestEditPassProperties;testCanSetMessage;9;11799;9
org.ligi.passandroid;TestEditPassProperties;testCanSetMessage;10;11776;9
org.ligi.passandroid;TestEditPassProperties;testCanSetAltMessage;1;12948;9
org.ligi.passandroid;TestEditPassProperties;testCanSetAltMessage;2;13373;9
org.ligi.passandroid;TestEditPassProperties;testCanSetAltMessage;3;13282;9
org.ligi.passandroid;TestEditPassProperties;testCanSetAltMessage;4;13295;9
org.ligi.passandroid;TestEditPassProperties;testCanSetAltMessage;5;13210;9
org.ligi.passandroid;TestEditPassProperties;testCanSetAltMessage;6;13210;9
org.ligi.passandroid;TestEditPassProperties;testCanSetAltMessage;7;13030;9
org.ligi.passandroid;TestEditPassProperties;testCanSetAltMessage;8;14093;9
org.ligi.passandroid;TestEditPassProperties;testCanSetAltMessage;9;12484;9
org.ligi.passandroid;TestEditPassProperties;testCanSetAltMessage;10;14257;9
org.ligi.passandroid;TestPassCreation;testCreatePass;1;9492;5
org.ligi.passandroid;TestPassCreation;testCreatePass;2;9846;5
org.ligi.passandroid;TestPassCreation;testCreatePass;3;9874;5
org.ligi.passandroid;TestPassCreation;testCreatePass;4;10093;5
org.ligi.passandroid;TestPassCreation;testCreatePass;5;9593;5
org.ligi.passandroid;TestPassCreation;testCreatePass;6;9819;5
org.ligi.passandroid;TestPassCreation;testCreatePass;7;9727;5
org.ligi.passandroid;TestPassCreation;testCreatePass;8;9771;5
org.ligi.passandroid;TestPassCreation;testCreatePass;9;9926;5
org.ligi.passandroid;TestPassCreation;testCreatePass;10;9997;5
org.ligi.passandroid;TestPassCreation;testCreateMultiplePasses;1;15851;11
org.ligi.passandroid;TestPassCreation;testCreateMultiplePasses;2;15937;11
org.ligi.passandroid;TestPassCreation;testCreateMultiplePasses;3;15250;11
org.ligi.passandroid;TestPassCreation;testCreateMultiplePasses;4;15420;11
org.ligi.passandroid;TestPassCreation;testCreateMultiplePasses;5;15498;11
org.ligi.passandroid;TestPassCreation;testCreateMultiplePasses;6;15306;11
org.ligi.passandroid;TestPassCreation;testCreateMultiplePasses;7;16115;11
org.ligi.passandroid;TestPassCreation;testCreateMultiplePasses;8;15398;11
org.ligi.passandroid;TestPassCreation;testCreateMultiplePasses;9;15846;11
org.ligi.passandroid;TestPassCreation;testCreateMultiplePasses;10;15668;11
org.ligi.passandroid;TestPassCreation;testDeletePass;1;14286;7
org.ligi.passandroid;TestPassCreation;testDeletePass;2;13040;7
org.ligi.passandroid;TestPassCreation;testDeletePass;3;13206;7
org.ligi.passandroid;TestPassCreation;testDeletePass;4;12814;7
org.ligi.passandroid;TestPassCreation;testDeletePass;5;11917;7
org.ligi.passandroid;TestPassCreation;testDeletePass;6;12347;7
org.ligi.passandroid;TestPassCreation;testDeletePass;7;13588;7
org.ligi.passandroid;TestPassCreation;testDeletePass;8;12297;7
org.ligi.passandroid;TestPassCreation;testDeletePass;9;13312;7
org.ligi.passandroid;TestPassCreation;testDeletePass;10;13277;7
org.ligi.passandroid;TestPassCreation;testDeleteWithLongClick;1;11220;7
org.ligi.passandroid;TestPassCreation;testDeleteWithLongClick;2;11020;7
org.ligi.passandroid;TestPassCreation;testDeleteWithLongClick;3;10833;7
org.ligi.passandroid;TestPassCreation;testDeleteWithLongClick;4;10872;7
org.ligi.passandroid;TestPassCreation;testDeleteWithLongClick;5;11186;7
org.ligi.passandroid;TestPassCreation;testDeleteWithLongClick;6;11771;7
org.ligi.passandroid;TestPassCreation;testDeleteWithLongClick;7;11650;7
org.ligi.passandroid;TestPassCreation;testDeleteWithLongClick;8;10903;7
org.ligi.passandroid;TestPassCreation;testDeleteWithLongClick;9;11080;7
org.ligi.passandroid;TestPassCreation;testDeleteWithLongClick;10;13500;7
org.ligi.passandroid;TestPassCreation;testEditPass;1;11084;6
org.ligi.passandroid;TestPassCreation;testEditPass;2;11799;6
org.ligi.passandroid;TestPassCreation;testEditPass;3;11733;6
org.ligi.passandroid;TestPassCreation;testEditPass;4;11778;6
org.ligi.passandroid;TestPassCreation;testEditPass;5;12053;6
org.ligi.passandroid;TestPassCreation;testEditPass;6;11591;6
org.ligi.passandroid;TestPassCreation;testEditPass;7;11656;6
org.ligi.passandroid;TestPassCreation;testEditPass;8;11735;6
org.ligi.passandroid;TestPassCreation;testEditPass;9;11749;6
org.ligi.passandroid;TestPassCreation;testEditPass;10;12213;6
org.ligi.passandroid;TestPassCreation;testMenuIsShownUponClick;1;3660;8
org.ligi.passandroid;TestPassCreation;testMenuIsShownUponClick;2;3489;8
org.ligi.passandroid;TestPassCreation;testMenuIsShownUponClick;3;3452;8
org.ligi.passandroid;TestPassCreation;testMenuIsShownUponClick;4;3776;8
org.ligi.passandroid;TestPassCreation;testMenuIsShownUponClick;5;3401;8
org.ligi.passandroid;TestPassCreation;testMenuIsShownUponClick;6;3269;8
org.ligi.passandroid;TestPassCreation;testMenuIsShownUponClick;7;3311;8
org.ligi.passandroid;TestPassCreation;testMenuIsShownUponClick;8;3777;8
org.ligi.passandroid;TestPassCreation;testMenuIsShownUponClick;9;3787;8
org.ligi.passandroid;TestPassCreation;testMenuIsShownUponClick;10;3944;8
org.ligi.passandroid;TestPassCreation;testMenuIsShownUponLongClick;1;11927;8
org.ligi.passandroid;TestPassCreation;testMenuIsShownUponLongClick;2;12593;8
org.ligi.passandroid;TestPassCreation;testMenuIsShownUponLongClick;3;12504;8
org.ligi.passandroid;TestPassCreation;testMenuIsShownUponLongClick;4;10378;8
org.ligi.passandroid;TestPassCreation;testMenuIsShownUponLongClick;5;11532;8
org.ligi.passandroid;TestPassCreation;testMenuIsShownUponLongClick;6;10165;8
org.ligi.passandroid;TestPassCreation;testMenuIsShownUponLongClick;7;10673;8
org.ligi.passandroid;TestPassCreation;testMenuIsShownUponLongClick;8;11799;8
org.ligi.passandroid;TestPassCreation;testMenuIsShownUponLongClick;9;12298;8
org.ligi.passandroid;TestPassCreation;testMenuIsShownUponLongClick;10;11119;8
ar.rulosoft.mimanganu;TestInterfaceBasic;testCheckServerIsRight;1;6772;4
ar.rulosoft.mimanganu;TestInterfaceBasic;testCheckServerIsRight;2;7407;4
ar.rulosoft.mimanganu;TestInterfaceBasic;testCheckServerIsRight;3;7650;4
ar.rulosoft.mimanganu;TestInterfaceBasic;testCheckServerIsRight;4;7570;4
ar.rulosoft.mimanganu;TestInterfaceBasic;testCheckServerIsRight;5;7736;4
ar.rulosoft.mimanganu;TestInterfaceBasic;testCheckServerIsRight;6;7625;4
ar.rulosoft.mimanganu;TestInterfaceBasic;testCheckServerIsRight;7;7854;4
ar.rulosoft.mimanganu;TestInterfaceBasic;testCheckServerIsRight;8;7401;4
ar.rulosoft.mimanganu;TestInterfaceBasic;testCheckServerIsRight;9;7730;4
ar.rulosoft.mimanganu;TestInterfaceBasic;testCheckServerIsRight;10;7366;4
ar.rulosoft.mimanganu;TestInterfaceBasic;testSettingsMenu1;1;8873;9
ar.rulosoft.mimanganu;TestInterfaceBasic;testSettingsMenu1;2;8480;9
ar.rulosoft.mimanganu;TestInterfaceBasic;testSettingsMenu1;3;8856;9
ar.rulosoft.mimanganu;TestInterfaceBasic;testSettingsMenu1;4;8563;9
ar.rulosoft.mimanganu;TestInterfaceBasic;testSettingsMenu1;5;8767;9
ar.rulosoft.mimanganu;TestInterfaceBasic;testSettingsMenu1;6;8684;9
ar.rulosoft.mimanganu;TestInterfaceBasic;testSettingsMenu1;7;8419;9
ar.rulosoft.mimanganu;TestInterfaceBasic;testSettingsMenu1;8;8559;9
ar.rulosoft.mimanganu;TestInterfaceBasic;testSettingsMenu1;9;8858;9
ar.rulosoft.mimanganu;TestInterfaceBasic;testSettingsMenu1;10;8611;9
ar.rulosoft.mimanganu;TestInterfaceBasic;testSettingsMenu2;1;8500;4
ar.rulosoft.mimanganu;TestInterfaceBasic;testSettingsMenu2;2;8694;4
ar.rulosoft.mimanganu;TestInterfaceBasic;testSettingsMenu2;3;8656;4
ar.rulosoft.mimanganu;TestInterfaceBasic;testSettingsMenu2;4;8852;4
ar.rulosoft.mimanganu;TestInterfaceBasic;testSettingsMenu2;5;9451;4
ar.rulosoft.mimanganu;TestInterfaceBasic;testSettingsMenu2;6;8789;4
ar.rulosoft.mimanganu;TestInterfaceBasic;testSettingsMenu2;7;8982;4
ar.rulosoft.mimanganu;TestInterfaceBasic;testSettingsMenu2;8;8800;4
ar.rulosoft.mimanganu;TestInterfaceBasic;testSettingsMenu2;9;9400;4
ar.rulosoft.mimanganu;TestInterfaceBasic;testSettingsMenu2;10;9075;4
ar.rulosoft.mimanganu;TestInterfaceBasic;testDownloadMenu;1;9668;9
ar.rulosoft.mimanganu;TestInterfaceBasic;testDownloadMenu;2;9564;9
ar.rulosoft.mimanganu;TestInterfaceBasic;testDownloadMenu;3;9668;9
ar.rulosoft.mimanganu;TestInterfaceBasic;testDownloadMenu;4;9759;9
ar.rulosoft.mimanganu;TestInterfaceBasic;testDownloadMenu;5;9585;9
ar.rulosoft.mimanganu;TestInterfaceBasic;testDownloadMenu;6;9951;9
ar.rulosoft.mimanganu;TestInterfaceBasic;testDownloadMenu;7;9523;9
ar.rulosoft.mimanganu;TestInterfaceBasic;testDownloadMenu;8;9975;9
ar.rulosoft.mimanganu;TestInterfaceBasic;testDownloadMenu;9;9613;9
ar.rulosoft.mimanganu;TestInterfaceBasic;testDownloadMenu;10;9461;9
ar.rulosoft.mimanganu;TestInterfaceBasic;testSearchUnsearchUpdates;1;21803;14
ar.rulosoft.mimanganu;TestInterfaceBasic;testSearchUnsearchUpdates;2;21891;14
ar.rulosoft.mimanganu;TestInterfaceBasic;testSearchUnsearchUpdates;3;24579;14
ar.rulosoft.mimanganu;TestInterfaceBasic;testSearchUnsearchUpdates;4;20991;14
ar.rulosoft.mimanganu;TestInterfaceBasic;testSearchUnsearchUpdates;5;21057;14
ar.rulosoft.mimanganu;TestInterfaceBasic;testSearchUnsearchUpdates;6;21891;14
ar.rulosoft.mimanganu;TestInterfaceBasic;testSearchUnsearchUpdates;7;24171;14
ar.rulosoft.mimanganu;TestInterfaceBasic;testSearchUnsearchUpdates;8;22340;14
ar.rulosoft.mimanganu;TestInterfaceBasic;testSearchUnsearchUpdates;9;21508;14
ar.rulosoft.mimanganu;TestInterfaceBasic;testSearchUnsearchUpdates;10;21182;14
ar.rulosoft.mimanganu;TestInterfaceBasic;testAddManga;1;20585;11
ar.rulosoft.mimanganu;TestInterfaceBasic;testAddManga;2;18605;11
ar.rulosoft.mimanganu;TestInterfaceBasic;testAddManga;3;19596;11
ar.rulosoft.mimanganu;TestInterfaceBasic;testAddManga;4;19138;11
ar.rulosoft.mimanganu;TestInterfaceBasic;testAddManga;5;19338;11
ar.rulosoft.mimanganu;TestInterfaceBasic;testAddManga;6;19206;11
ar.rulosoft.mimanganu;TestInterfaceBasic;testAddManga;7;19693;11
ar.rulosoft.mimanganu;TestInterfaceBasic;testAddManga;8;18797;11
ar.rulosoft.mimanganu;TestInterfaceBasic;testAddManga;9;19382;11
ar.rulosoft.mimanganu;TestInterfaceBasic;testAddManga;10;18173;11
ar.rulosoft.mimanganu;TestInterfaceBasic;testCheckMangaChapters;1;14056;10
ar.rulosoft.mimanganu;TestInterfaceBasic;testCheckMangaChapters;2;18832;10
ar.rulosoft.mimanganu;TestInterfaceBasic;testCheckMangaChapters;3;14064;10
ar.rulosoft.mimanganu;TestInterfaceBasic;testCheckMangaChapters;4;14259;10
ar.rulosoft.mimanganu;TestInterfaceBasic;testCheckMangaChapters;5;14906;10
ar.rulosoft.mimanganu;TestInterfaceBasic;testCheckMangaChapters;6;15243;10
ar.rulosoft.mimanganu;TestInterfaceBasic;testCheckMangaChapters;7;14148;10
ar.rulosoft.mimanganu;TestInterfaceBasic;testCheckMangaChapters;8;14163;10
ar.rulosoft.mimanganu;TestInterfaceBasic;testCheckMangaChapters;9;14596;10
ar.rulosoft.mimanganu;TestInterfaceBasic;testCheckMangaChapters;10;14696;10
ar.rulosoft.mimanganu;TestMangaVisualizationOptions;testOptionsReader;1;16336;15
ar.rulosoft.mimanganu;TestMangaVisualizationOptions;testOptionsReader;2;16870;15
ar.rulosoft.mimanganu;TestMangaVisualizationOptions;testOptionsReader;3;16513;15
ar.rulosoft.mimanganu;TestMangaVisualizationOptions;testOptionsReader;4;16797;15
ar.rulosoft.mimanganu;TestMangaVisualizationOptions;testOptionsReader;5;16335;15
ar.rulosoft.mimanganu;TestMangaVisualizationOptions;testOptionsReader;6;16295;15
ar.rulosoft.mimanganu;TestMangaVisualizationOptions;testOptionsReader;7;15997;15
ar.rulosoft.mimanganu;TestMangaVisualizationOptions;testOptionsReader;8;15582;15
ar.rulosoft.mimanganu;TestMangaVisualizationOptions;testOptionsReader;9;16500;15
ar.rulosoft.mimanganu;TestMangaVisualizationOptions;testOptionsReader;10;15758;15
ar.rulosoft.mimanganu;TestMangaVisualizationOptions;testOptionsDirection;1;17089;15
ar.rulosoft.mimanganu;TestMangaVisualizationOptions;testOptionsDirection;2;16201;15
ar.rulosoft.mimanganu;TestMangaVisualizationOptions;testOptionsDirection;3;19092;15
ar.rulosoft.mimanganu;TestMangaVisualizationOptions;testOptionsDirection;4;17152;15
ar.rulosoft.mimanganu;TestMangaVisualizationOptions;testOptionsDirection;5;16858;15
ar.rulosoft.mimanganu;TestMangaVisualizationOptions;testOptionsDirection;6;17061;15
ar.rulosoft.mimanganu;TestMangaVisualizationOptions;testOptionsDirection;7;16974;15
ar.rulosoft.mimanganu;TestMangaVisualizationOptions;testOptionsDirection;8;16695;15
ar.rulosoft.mimanganu;TestMangaVisualizationOptions;testOptionsDirection;9;16904;15
ar.rulosoft.mimanganu;TestMangaVisualizationOptions;testOptionsDirection;10;16472;15
ar.rulosoft.mimanganu;TestMangaVisualizationOptions;testOptionsFit;1;17131;21
ar.rulosoft.mimanganu;TestMangaVisualizationOptions;testOptionsFit;2;17655;21
ar.rulosoft.mimanganu;TestMangaVisualizationOptions;testOptionsFit;3;17123;21
ar.rulosoft.mimanganu;TestMangaVisualizationOptions;testOptionsFit;4;17623;21
ar.rulosoft.mimanganu;TestMangaVisualizationOptions;testOptionsFit;5;17408;21
ar.rulosoft.mimanganu;TestMangaVisualizationOptions;testOptionsFit;6;17598;21
ar.rulosoft.mimanganu;TestMangaVisualizationOptions;testOptionsFit;7;17418;21
ar.rulosoft.mimanganu;TestMangaVisualizationOptions;testOptionsFit;8;17272;21
ar.rulosoft.mimanganu;TestMangaVisualizationOptions;testOptionsFit;9;17859;21
ar.rulosoft.mimanganu;TestMangaVisualizationOptions;testOptionsFit;10;17248;21
ar.rulosoft.mimanganu;TestMangaVisualizationOptions;testOptionsReaderFit;1;16592;17
ar.rulosoft.mimanganu;TestMangaVisualizationOptions;testOptionsReaderFit;2;16966;17
ar.rulosoft.mimanganu;TestMangaVisualizationOptions;testOptionsReaderFit;3;17202;17
ar.rulosoft.mimanganu;TestMangaVisualizationOptions;testOptionsReaderFit;4;16752;17
ar.rulosoft.mimanganu;TestMangaVisualizationOptions;testOptionsReaderFit;5;16640;17
ar.rulosoft.mimanganu;TestMangaVisualizationOptions;testOptionsReaderFit;6;16886;17
ar.rulosoft.mimanganu;TestMangaVisualizationOptions;testOptionsReaderFit;7;17299;17
ar.rulosoft.mimanganu;TestMangaVisualizationOptions;testOptionsReaderFit;8;16988;17
ar.rulosoft.mimanganu;TestMangaVisualizationOptions;testOptionsReaderFit;9;16602;17
ar.rulosoft.mimanganu;TestMangaVisualizationOptions;testOptionsReaderFit;10;17183;17
ar.rulosoft.mimanganu;TestMangaVisualizationOptions;testOptionsAwake;1;16829;17
ar.rulosoft.mimanganu;TestMangaVisualizationOptions;testOptionsAwake;2;16976;17
ar.rulosoft.mimanganu;TestMangaVisualizationOptions;testOptionsAwake;3;16998;17
ar.rulosoft.mimanganu;TestMangaVisualizationOptions;testOptionsAwake;4;17196;17
ar.rulosoft.mimanganu;TestMangaVisualizationOptions;testOptionsAwake;5;16926;17
ar.rulosoft.mimanganu;TestMangaVisualizationOptions;testOptionsAwake;6;18093;17
ar.rulosoft.mimanganu;TestMangaVisualizationOptions;testOptionsAwake;7;16717;17
ar.rulosoft.mimanganu;TestMangaVisualizationOptions;testOptionsAwake;8;16338;17
ar.rulosoft.mimanganu;TestMangaVisualizationOptions;testOptionsAwake;9;16310;17
ar.rulosoft.mimanganu;TestMangaVisualizationOptions;testOptionsAwake;10;16937;17
ar.rulosoft.mimanganu;TestMangaVisualizationOptions;testOptionsScreen;1;17142;18
ar.rulosoft.mimanganu;TestMangaVisualizationOptions;testOptionsScreen;2;16603;18
ar.rulosoft.mimanganu;TestMangaVisualizationOptions;testOptionsScreen;3;16670;18
ar.rulosoft.mimanganu;TestMangaVisualizationOptions;testOptionsScreen;4;16680;18
ar.rulosoft.mimanganu;TestMangaVisualizationOptions;testOptionsScreen;5;16959;18
ar.rulosoft.mimanganu;TestMangaVisualizationOptions;testOptionsScreen;6;17009;18
ar.rulosoft.mimanganu;TestMangaVisualizationOptions;testOptionsScreen;7;16902;18
ar.rulosoft.mimanganu;TestMangaVisualizationOptions;testOptionsScreen;8;16723;18
ar.rulosoft.mimanganu;TestMangaVisualizationOptions;testOptionsScreen;9;17023;18
ar.rulosoft.mimanganu;TestMangaVisualizationOptions;testOptionsScreen;10;17315;18
ar.rulosoft.mimanganu;TestReadUnreadChapter;testSelectDeselectAll;1;15757;16
ar.rulosoft.mimanganu;TestReadUnreadChapter;testSelectDeselectAll;2;15732;16
ar.rulosoft.mimanganu;TestReadUnreadChapter;testSelectDeselectAll;3;15983;16
ar.rulosoft.mimanganu;TestReadUnreadChapter;testSelectDeselectAll;4;15970;16
ar.rulosoft.mimanganu;TestReadUnreadChapter;testSelectDeselectAll;5;20941;16
ar.rulosoft.mimanganu;TestReadUnreadChapter;testSelectDeselectAll;6;16292;16
ar.rulosoft.mimanganu;TestReadUnreadChapter;testSelectDeselectAll;7;16468;16
ar.rulosoft.mimanganu;TestReadUnreadChapter;testSelectDeselectAll;8;16291;16
ar.rulosoft.mimanganu;TestReadUnreadChapter;testSelectDeselectAll;9;16311;16
ar.rulosoft.mimanganu;TestReadUnreadChapter;testSelectDeselectAll;10;15999;16
ar.rulosoft.mimanganu;TestReadUnreadChapter;testMarkAllAsReadUnread;1;17396;16
ar.rulosoft.mimanganu;TestReadUnreadChapter;testMarkAllAsReadUnread;2;17608;16
ar.rulosoft.mimanganu;TestReadUnreadChapter;testMarkAllAsReadUnread;3;17666;16
ar.rulosoft.mimanganu;TestReadUnreadChapter;testMarkAllAsReadUnread;4;17273;16
ar.rulosoft.mimanganu;TestReadUnreadChapter;testMarkAllAsReadUnread;5;17129;16
ar.rulosoft.mimanganu;TestReadUnreadChapter;testMarkAllAsReadUnread;6;17410;16
ar.rulosoft.mimanganu;TestReadUnreadChapter;testMarkAllAsReadUnread;7;17328;16
ar.rulosoft.mimanganu;TestReadUnreadChapter;testMarkAllAsReadUnread;8;18654;16
ar.rulosoft.mimanganu;TestReadUnreadChapter;testMarkAllAsReadUnread;9;17749;16
ar.rulosoft.mimanganu;TestReadUnreadChapter;testMarkAllAsReadUnread;10;17516;16
ar.rulosoft.mimanganu;TestReadUnreadChapter;testHideAlreadyRead;1;10191;13
ar.rulosoft.mimanganu;TestReadUnreadChapter;testHideAlreadyRead;2;13868;13
ar.rulosoft.mimanganu;TestReadUnreadChapter;testHideAlreadyRead;3;16868;13
ar.rulosoft.mimanganu;TestReadUnreadChapter;testHideAlreadyRead;4;16547;13
ar.rulosoft.mimanganu;TestReadUnreadChapter;testHideAlreadyRead;5;16700;13
ar.rulosoft.mimanganu;TestReadUnreadChapter;testHideAlreadyRead;6;15998;13
ar.rulosoft.mimanganu;TestReadUnreadChapter;testHideAlreadyRead;7;17450;13
ar.rulosoft.mimanganu;TestReadUnreadChapter;testHideAlreadyRead;8;17353;13
ar.rulosoft.mimanganu;TestReadUnreadChapter;testHideAlreadyRead;9;17690;13
ar.rulosoft.mimanganu;TestReadUnreadChapter;testHideAlreadyRead;10;16599;13
ar.rulosoft.mimanganu;TestReadUnreadChapter;testHideAlreadyReadInside;1;19844;14
ar.rulosoft.mimanganu;TestReadUnreadChapter;testHideAlreadyReadInside;2;17403;14
ar.rulosoft.mimanganu;TestReadUnreadChapter;testHideAlreadyReadInside;3;17611;14
ar.rulosoft.mimanganu;TestReadUnreadChapter;testHideAlreadyReadInside;4;18011;14
ar.rulosoft.mimanganu;TestReadUnreadChapter;testHideAlreadyReadInside;5;17448;14
ar.rulosoft.mimanganu;TestReadUnreadChapter;testHideAlreadyReadInside;6;19031;14
ar.rulosoft.mimanganu;TestReadUnreadChapter;testHideAlreadyReadInside;7;18360;14
ar.rulosoft.mimanganu;TestReadUnreadChapter;testHideAlreadyReadInside;8;17208;14
ar.rulosoft.mimanganu;TestReadUnreadChapter;testHideAlreadyReadInside;9;17003;14
ar.rulosoft.mimanganu;TestReadUnreadChapter;testHideAlreadyReadInside;10;19852;14
ar.rulosoft.mimanganu;TestAdvancedFeatures;testMoveToVault;1;17296;18
ar.rulosoft.mimanganu;TestAdvancedFeatures;testMoveToVault;2;17196;18
ar.rulosoft.mimanganu;TestAdvancedFeatures;testMoveToVault;3;17069;18
ar.rulosoft.mimanganu;TestAdvancedFeatures;testMoveToVault;4;16979;18
ar.rulosoft.mimanganu;TestAdvancedFeatures;testMoveToVault;5;16756;18
ar.rulosoft.mimanganu;TestAdvancedFeatures;testMoveToVault;6;17113;18
ar.rulosoft.mimanganu;TestAdvancedFeatures;testMoveToVault;7;16440;18
ar.rulosoft.mimanganu;TestAdvancedFeatures;testMoveToVault;8;16714;18
ar.rulosoft.mimanganu;TestAdvancedFeatures;testMoveToVault;9;16627;18
ar.rulosoft.mimanganu;TestAdvancedFeatures;testMoveToVault;10;17020;18
ar.rulosoft.mimanganu;TestAdvancedFeatures;testRemoveFromVault;1;17837;17
ar.rulosoft.mimanganu;TestAdvancedFeatures;testRemoveFromVault;2;17938;17
ar.rulosoft.mimanganu;TestAdvancedFeatures;testRemoveFromVault;3;17698;17
ar.rulosoft.mimanganu;TestAdvancedFeatures;testRemoveFromVault;4;17514;17
ar.rulosoft.mimanganu;TestAdvancedFeatures;testRemoveFromVault;5;16955;17
ar.rulosoft.mimanganu;TestAdvancedFeatures;testRemoveFromVault;6;17139;17
ar.rulosoft.mimanganu;TestAdvancedFeatures;testRemoveFromVault;7;17680;17
ar.rulosoft.mimanganu;TestAdvancedFeatures;testRemoveFromVault;8;17626;17
ar.rulosoft.mimanganu;TestAdvancedFeatures;testRemoveFromVault;9;18233;17
ar.rulosoft.mimanganu;TestAdvancedFeatures;testRemoveFromVault;10;17383;17
ar.rulosoft.mimanganu;TestAdvancedFeatures;testMultipleManga;1;21266;14
ar.rulosoft.mimanganu;TestAdvancedFeatures;testMultipleManga;2;20149;14
ar.rulosoft.mimanganu;TestAdvancedFeatures;testMultipleManga;3;21049;14
ar.rulosoft.mimanganu;TestAdvancedFeatures;testMultipleManga;4;21650;14
ar.rulosoft.mimanganu;TestAdvancedFeatures;testMultipleManga;5;22604;14
ar.rulosoft.mimanganu;TestAdvancedFeatures;testMultipleManga;6;21403;14
ar.rulosoft.mimanganu;TestAdvancedFeatures;testMultipleManga;7;24387;14
ar.rulosoft.mimanganu;TestAdvancedFeatures;testMultipleManga;8;21302;14
ar.rulosoft.mimanganu;TestAdvancedFeatures;testMultipleManga;9;20984;14
ar.rulosoft.mimanganu;TestAdvancedFeatures;testMultipleManga;10;20470;14
ar.rulosoft.mimanganu;TestAdvancedFeatures;testRightSearch;1;21173;17
ar.rulosoft.mimanganu;TestAdvancedFeatures;testRightSearch;2;20702;17
ar.rulosoft.mimanganu;TestAdvancedFeatures;testRightSearch;3;20827;17
ar.rulosoft.mimanganu;TestAdvancedFeatures;testRightSearch;4;21346;17
ar.rulosoft.mimanganu;TestAdvancedFeatures;testRightSearch;5;21766;17
ar.rulosoft.mimanganu;TestAdvancedFeatures;testRightSearch;6;21349;17
ar.rulosoft.mimanganu;TestAdvancedFeatures;testRightSearch;7;21479;17
ar.rulosoft.mimanganu;TestAdvancedFeatures;testRightSearch;8;21580;17
ar.rulosoft.mimanganu;TestAdvancedFeatures;testRightSearch;9;23287;17
ar.rulosoft.mimanganu;TestAdvancedFeatures;testRightSearch;10;21863;17
ar.rulosoft.mimanganu;TestAdvancedFeatures;testWrongSearch;1;22136;17
ar.rulosoft.mimanganu;TestAdvancedFeatures;testWrongSearch;2;21241;17
ar.rulosoft.mimanganu;TestAdvancedFeatures;testWrongSearch;3;23651;17
ar.rulosoft.mimanganu;TestAdvancedFeatures;testWrongSearch;4;22597;17
ar.rulosoft.mimanganu;TestAdvancedFeatures;testWrongSearch;5;22343;17
ar.rulosoft.mimanganu;TestAdvancedFeatures;testWrongSearch;6;22222;17
ar.rulosoft.mimanganu;TestAdvancedFeatures;testWrongSearch;7;22998;17
ar.rulosoft.mimanganu;TestAdvancedFeatures;testWrongSearch;8;23261;17
ar.rulosoft.mimanganu;TestAdvancedFeatures;testWrongSearch;9;21802;17
ar.rulosoft.mimanganu;TestAdvancedFeatures;testWrongSearch;10;21262;17
ar.rulosoft.mimanganu;TestAdvancedFeatures;testSortManga;1;23816;17
ar.rulosoft.mimanganu;TestAdvancedFeatures;testSortManga;2;22838;17
ar.rulosoft.mimanganu;TestAdvancedFeatures;testSortManga;3;23179;17
ar.rulosoft.mimanganu;TestAdvancedFeatures;testSortManga;4;23643;17
ar.rulosoft.mimanganu;TestAdvancedFeatures;testSortManga;5;24482;17
ar.rulosoft.mimanganu;TestAdvancedFeatures;testSortManga;6;24024;17
ar.rulosoft.mimanganu;TestAdvancedFeatures;testSortManga;7;23505;17
ar.rulosoft.mimanganu;TestAdvancedFeatures;testSortManga;8;24395;17
ar.rulosoft.mimanganu;TestAdvancedFeatures;testSortManga;9;24330;17
ar.rulosoft.mimanganu;TestAdvancedFeatures;testSortManga;10;23628;17
ar.rulosoft.mimanganu;TestSortChaptersDelete;testSortByChapterNumber;1;15349;13
ar.rulosoft.mimanganu;TestSortChaptersDelete;testSortByChapterNumber;2;26097;13
ar.rulosoft.mimanganu;TestSortChaptersDelete;testSortByChapterNumber;3;15701;13
ar.rulosoft.mimanganu;TestSortChaptersDelete;testSortByChapterNumber;4;14314;13
ar.rulosoft.mimanganu;TestSortChaptersDelete;testSortByChapterNumber;5;14787;13
ar.rulosoft.mimanganu;TestSortChaptersDelete;testSortByChapterNumber;6;14693;13
ar.rulosoft.mimanganu;TestSortChaptersDelete;testSortByChapterNumber;7;15056;13
ar.rulosoft.mimanganu;TestSortChaptersDelete;testSortByChapterNumber;8;15833;13
ar.rulosoft.mimanganu;TestSortChaptersDelete;testSortByChapterNumber;9;14838;13
ar.rulosoft.mimanganu;TestSortChaptersDelete;testSortByChapterNumber;10;15262;13
ar.rulosoft.mimanganu;TestSortChaptersDelete;testSortByTitle;1;16550;13
ar.rulosoft.mimanganu;TestSortChaptersDelete;testSortByTitle;2;15477;13
ar.rulosoft.mimanganu;TestSortChaptersDelete;testSortByTitle;3;17917;13
ar.rulosoft.mimanganu;TestSortChaptersDelete;testSortByTitle;4;15323;13
ar.rulosoft.mimanganu;TestSortChaptersDelete;testSortByTitle;5;15025;13
ar.rulosoft.mimanganu;TestSortChaptersDelete;testSortByTitle;6;15771;13
ar.rulosoft.mimanganu;TestSortChaptersDelete;testSortByTitle;7;15809;13
ar.rulosoft.mimanganu;TestSortChaptersDelete;testSortByTitle;8;14990;13
ar.rulosoft.mimanganu;TestSortChaptersDelete;testSortByTitle;9;15746;13
ar.rulosoft.mimanganu;TestSortChaptersDelete;testSortByTitle;10;15072;13
ar.rulosoft.mimanganu;TestSortChaptersDelete;testSortByTitleReverse;1;15644;13
ar.rulosoft.mimanganu;TestSortChaptersDelete;testSortByTitleReverse;2;15310;13
ar.rulosoft.mimanganu;TestSortChaptersDelete;testSortByTitleReverse;3;15532;13
ar.rulosoft.mimanganu;TestSortChaptersDelete;testSortByTitleReverse;4;15231;13
ar.rulosoft.mimanganu;TestSortChaptersDelete;testSortByTitleReverse;5;16107;13
ar.rulosoft.mimanganu;TestSortChaptersDelete;testSortByTitleReverse;6;14840;13
ar.rulosoft.mimanganu;TestSortChaptersDelete;testSortByTitleReverse;7;15364;13
ar.rulosoft.mimanganu;TestSortChaptersDelete;testSortByTitleReverse;8;15480;13
ar.rulosoft.mimanganu;TestSortChaptersDelete;testSortByTitleReverse;9;15833;13
ar.rulosoft.mimanganu;TestSortChaptersDelete;testSortByTitleReverse;10;15001;13
ar.rulosoft.mimanganu;TestSortChaptersDelete;testSortByAsAdded;1;15993;13
ar.rulosoft.mimanganu;TestSortChaptersDelete;testSortByAsAdded;2;15850;13
ar.rulosoft.mimanganu;TestSortChaptersDelete;testSortByAsAdded;3;16248;13
ar.rulosoft.mimanganu;TestSortChaptersDelete;testSortByAsAdded;4;15414;13
ar.rulosoft.mimanganu;TestSortChaptersDelete;testSortByAsAdded;5;15297;13
ar.rulosoft.mimanganu;TestSortChaptersDelete;testSortByAsAdded;6;16399;13
ar.rulosoft.mimanganu;TestSortChaptersDelete;testSortByAsAdded;7;15642;13
ar.rulosoft.mimanganu;TestSortChaptersDelete;testSortByAsAdded;8;17776;13
ar.rulosoft.mimanganu;TestSortChaptersDelete;testSortByAsAdded;9;17835;13
ar.rulosoft.mimanganu;TestSortChaptersDelete;testSortByAsAdded;10;15658;13
ar.rulosoft.mimanganu;TestSortChaptersDelete;testSortByAsAddedDesc;1;15009;13
ar.rulosoft.mimanganu;TestSortChaptersDelete;testSortByAsAddedDesc;2;15911;13
ar.rulosoft.mimanganu;TestSortChaptersDelete;testSortByAsAddedDesc;3;15577;13
ar.rulosoft.mimanganu;TestSortChaptersDelete;testSortByAsAddedDesc;4;15358;13
ar.rulosoft.mimanganu;TestSortChaptersDelete;testSortByAsAddedDesc;5;15505;13
ar.rulosoft.mimanganu;TestSortChaptersDelete;testSortByAsAddedDesc;6;16193;13
ar.rulosoft.mimanganu;TestSortChaptersDelete;testSortByAsAddedDesc;7;17360;13
ar.rulosoft.mimanganu;TestSortChaptersDelete;testSortByAsAddedDesc;8;15311;13
ar.rulosoft.mimanganu;TestSortChaptersDelete;testSortByAsAddedDesc;9;15291;13
ar.rulosoft.mimanganu;TestSortChaptersDelete;testSortByAsAddedDesc;10;15323;13
ar.rulosoft.mimanganu;TestSortChaptersDelete;testDeleteFromInside;1;15581;11
ar.rulosoft.mimanganu;TestSortChaptersDelete;testDeleteFromInside;2;15668;11
ar.rulosoft.mimanganu;TestSortChaptersDelete;testDeleteFromInside;3;16767;11
ar.rulosoft.mimanganu;TestSortChaptersDelete;testDeleteFromInside;4;16202;11
ar.rulosoft.mimanganu;TestSortChaptersDelete;testDeleteFromInside;5;16548;11
ar.rulosoft.mimanganu;TestSortChaptersDelete;testDeleteFromInside;6;15903;11
ar.rulosoft.mimanganu;TestSortChaptersDelete;testDeleteFromInside;7;17256;11
ar.rulosoft.mimanganu;TestSortChaptersDelete;testDeleteFromInside;8;16374;11
ar.rulosoft.mimanganu;TestSortChaptersDelete;testDeleteFromInside;9;16191;11
ar.rulosoft.mimanganu;TestSortChaptersDelete;testDeleteFromInside;10;16057;11
ar.rulosoft.mimanganu;TestSortChaptersDelete;testDeleteLongClick;1;15343;10
ar.rulosoft.mimanganu;TestSortChaptersDelete;testDeleteLongClick;2;14941;10
ar.rulosoft.mimanganu;TestSortChaptersDelete;testDeleteLongClick;3;14999;10
ar.rulosoft.mimanganu;TestSortChaptersDelete;testDeleteLongClick;4;15062;10
ar.rulosoft.mimanganu;TestSortChaptersDelete;testDeleteLongClick;5;14734;10
ar.rulosoft.mimanganu;TestSortChaptersDelete;testDeleteLongClick;6;15201;10
ar.rulosoft.mimanganu;TestSortChaptersDelete;testDeleteLongClick;7;15157;10
ar.rulosoft.mimanganu;TestSortChaptersDelete;testDeleteLongClick;8;15183;10
ar.rulosoft.mimanganu;TestSortChaptersDelete;testDeleteLongClick;9;15733;10
ar.rulosoft.mimanganu;TestSortChaptersDelete;testDeleteLongClick;10;14862;10
travelmate;CityInfoTest;testAllButtonsDisplayed;1;6112;13
travelmate;CityInfoTest;testAllButtonsDisplayed;2;6433;13
travelmate;CityInfoTest;testAllButtonsDisplayed;3;6160;13
travelmate;CityInfoTest;testAllButtonsDisplayed;4;6217;13
travelmate;CityInfoTest;testAllButtonsDisplayed;5;6468;13
travelmate;CityInfoTest;testAllButtonsDisplayed;6;6249;13
travelmate;CityInfoTest;testAllButtonsDisplayed;7;6438;13
travelmate;CityInfoTest;testAllButtonsDisplayed;8;6410;13
travelmate;CityInfoTest;testAllButtonsDisplayed;9;6433;13
travelmate;CityInfoTest;testAllButtonsDisplayed;10;6618;13
travelmate;CityInfoTest;testKnowMoreContent;1;9760;7
travelmate;CityInfoTest;testKnowMoreContent;2;9151;7
travelmate;CityInfoTest;testKnowMoreContent;3;9293;7
travelmate;CityInfoTest;testKnowMoreContent;4;8799;7
travelmate;CityInfoTest;testKnowMoreContent;5;9020;7
travelmate;CityInfoTest;testKnowMoreContent;6;9282;7
travelmate;CityInfoTest;testKnowMoreContent;7;9157;7
travelmate;CityInfoTest;testKnowMoreContent;8;9286;7
travelmate;CityInfoTest;testKnowMoreContent;9;9272;7
travelmate;CityInfoTest;testKnowMoreContent;10;9204;7
travelmate;CityInfoTest;testFunFactsContent;1;4576;3
travelmate;CityInfoTest;testFunFactsContent;2;5018;3
travelmate;CityInfoTest;testFunFactsContent;3;4937;3
travelmate;CityInfoTest;testFunFactsContent;4;4950;3
travelmate;CityInfoTest;testFunFactsContent;5;5045;3
travelmate;CityInfoTest;testFunFactsContent;6;4783;3
travelmate;CityInfoTest;testFunFactsContent;7;5076;3
travelmate;CityInfoTest;testFunFactsContent;8;5275;3
travelmate;CityInfoTest;testFunFactsContent;9;5258;3
travelmate;CityInfoTest;testFunFactsContent;10;5009;3
travelmate;CityInfoTest;testHangoutContent;1;6752;4
travelmate;CityInfoTest;testHangoutContent;2;5978;4
travelmate;CityInfoTest;testHangoutContent;3;6337;4
travelmate;CityInfoTest;testHangoutContent;4;6173;4
travelmate;CityInfoTest;testHangoutContent;5;6793;4
travelmate;CityInfoTest;testHangoutContent;6;6648;4
travelmate;CityInfoTest;testHangoutContent;7;6842;4
travelmate;CityInfoTest;testHangoutContent;8;6131;4
travelmate;CityInfoTest;testHangoutContent;9;6133;4
travelmate;CityInfoTest;testHangoutContent;10;6503;4
travelmate;CityInfoTest;testMonumentsContent;1;6915;4
travelmate;CityInfoTest;testMonumentsContent;2;6392;4
travelmate;CityInfoTest;testMonumentsContent;3;6765;4
travelmate;CityInfoTest;testMonumentsContent;4;7650;4
travelmate;CityInfoTest;testMonumentsContent;5;6313;4
travelmate;CityInfoTest;testMonumentsContent;6;6104;4
travelmate;CityInfoTest;testMonumentsContent;7;6248;4
travelmate;CityInfoTest;testMonumentsContent;8;6338;4
travelmate;CityInfoTest;testMonumentsContent;9;6656;4
travelmate;CityInfoTest;testMonumentsContent;10;6272;4
travelmate;CityInfoTest;testShoppingContent;1;9215;9
travelmate;CityInfoTest;testShoppingContent;2;9285;9
travelmate;CityInfoTest;testShoppingContent;3;8751;9
travelmate;CityInfoTest;testShoppingContent;4;8744;9
travelmate;CityInfoTest;testShoppingContent;5;8595;9
travelmate;CityInfoTest;testShoppingContent;6;8760;9
travelmate;CityInfoTest;testShoppingContent;7;8907;9
travelmate;CityInfoTest;testShoppingContent;8;8848;9
travelmate;CityInfoTest;testShoppingContent;9;3240;9
travelmate;CityInfoTest;testShoppingContent;10;8779;9
travelmate;CityInfoTest;testNotifications;1;3696;2
travelmate;CityInfoTest;testNotifications;2;3186;2
travelmate;CityInfoTest;testNotifications;3;3182;2
travelmate;CityInfoTest;testNotifications;4;3561;2
travelmate;CityInfoTest;testNotifications;5;3367;2
travelmate;CityInfoTest;testNotifications;6;4174;2
travelmate;CityInfoTest;testNotifications;7;3981;2
travelmate;CityInfoTest;testNotifications;8;3641;2
travelmate;CityInfoTest;testNotifications;9;3291;2
travelmate;CityInfoTest;testNotifications;10;3435;2
travelmate;RestaurantTest;testRestaurantsContent;1;8711;8
travelmate;RestaurantTest;testRestaurantsContent;2;8552;8
travelmate;RestaurantTest;testRestaurantsContent;3;8427;8
travelmate;RestaurantTest;testRestaurantsContent;4;8474;8
travelmate;RestaurantTest;testRestaurantsContent;5;8466;8
travelmate;RestaurantTest;testRestaurantsContent;6;8582;8
travelmate;RestaurantTest;testRestaurantsContent;7;8436;8
travelmate;RestaurantTest;testRestaurantsContent;8;8680;8
travelmate;RestaurantTest;testRestaurantsContent;9;8777;8
travelmate;RestaurantTest;testRestaurantsContent;10;8667;8
travelmate;RestaurantTest;testRestaurantsSortAlphabetically;1;10692;10
travelmate;RestaurantTest;testRestaurantsSortAlphabetically;2;10758;10
travelmate;RestaurantTest;testRestaurantsSortAlphabetically;3;10574;10
travelmate;RestaurantTest;testRestaurantsSortAlphabetically;4;11238;10
travelmate;RestaurantTest;testRestaurantsSortAlphabetically;5;10988;10
travelmate;RestaurantTest;testRestaurantsSortAlphabetically;6;11440;10
travelmate;RestaurantTest;testRestaurantsSortAlphabetically;7;15800;10
travelmate;RestaurantTest;testRestaurantsSortAlphabetically;8;9971;10
travelmate;RestaurantTest;testRestaurantsSortAlphabetically;9;15522;10
travelmate;RestaurantTest;testRestaurantsSortAlphabetically;10;13278;10
travelmate;RestaurantTest;testRestaurantsSortVotes;1;10192;10
travelmate;RestaurantTest;testRestaurantsSortVotes;2;9692;10
travelmate;RestaurantTest;testRestaurantsSortVotes;3;9606;10
travelmate;RestaurantTest;testRestaurantsSortVotes;4;9478;10
travelmate;RestaurantTest;testRestaurantsSortVotes;5;9342;10
travelmate;RestaurantTest;testRestaurantsSortVotes;6;9603;10
travelmate;RestaurantTest;testRestaurantsSortVotes;7;9789;10
travelmate;RestaurantTest;testRestaurantsSortVotes;8;9377;10
travelmate;RestaurantTest;testRestaurantsSortVotes;9;9570;10
travelmate;RestaurantTest;testRestaurantsSortVotes;10;9291;10
travelmate;RestaurantTest;testRestaurantsSortRating;1;10821;10
travelmate;RestaurantTest;testRestaurantsSortRating;2;11266;10
travelmate;RestaurantTest;testRestaurantsSortRating;3;10636;10
travelmate;RestaurantTest;testRestaurantsSortRating;4;10624;10
travelmate;RestaurantTest;testRestaurantsSortRating;5;10313;10
travelmate;RestaurantTest;testRestaurantsSortRating;6;10716;10
travelmate;RestaurantTest;testRestaurantsSortRating;7;11455;10
travelmate;RestaurantTest;testRestaurantsSortRating;8;8483;10
travelmate;RestaurantTest;testRestaurantsSortRating;9;10427;10
travelmate;RestaurantTest;testRestaurantsSortRating;10;10621;10
travelmate;AdvancedFeaturesTest;testSetUnsetFavouriteCity;1;5700;3
travelmate;AdvancedFeaturesTest;testSetUnsetFavouriteCity;2;5371;3
travelmate;AdvancedFeaturesTest;testSetUnsetFavouriteCity;3;5675;3
travelmate;AdvancedFeaturesTest;testSetUnsetFavouriteCity;4;5263;3
travelmate;AdvancedFeaturesTest;testSetUnsetFavouriteCity;5;5198;3
travelmate;AdvancedFeaturesTest;testSetUnsetFavouriteCity;6;5417;3
travelmate;AdvancedFeaturesTest;testSetUnsetFavouriteCity;7;5460;3
travelmate;AdvancedFeaturesTest;testSetUnsetFavouriteCity;8;5352;3
travelmate;AdvancedFeaturesTest;testSetUnsetFavouriteCity;9;5027;3
travelmate;AdvancedFeaturesTest;testSetUnsetFavouriteCity;10;5243;3
travelmate;AdvancedFeaturesTest;testRightSearch;1;2161;2
travelmate;AdvancedFeaturesTest;testRightSearch;2;1907;2
travelmate;AdvancedFeaturesTest;testRightSearch;3;1908;2
travelmate;AdvancedFeaturesTest;testRightSearch;4;2088;2
travelmate;AdvancedFeaturesTest;testRightSearch;5;2009;2
travelmate;AdvancedFeaturesTest;testRightSearch;6;2012;2
travelmate;AdvancedFeaturesTest;testRightSearch;7;2068;2
travelmate;AdvancedFeaturesTest;testRightSearch;8;1959;2
travelmate;AdvancedFeaturesTest;testRightSearch;9;2016;2
travelmate;AdvancedFeaturesTest;testRightSearch;10;2059;2
travelmate;AdvancedFeaturesTest;testFavouriteCityMenu;1;5625;5
travelmate;AdvancedFeaturesTest;testFavouriteCityMenu;2;5198;5
travelmate;AdvancedFeaturesTest;testFavouriteCityMenu;3;5345;5
travelmate;AdvancedFeaturesTest;testFavouriteCityMenu;4;5781;5
travelmate;AdvancedFeaturesTest;testFavouriteCityMenu;5;5174;5
travelmate;AdvancedFeaturesTest;testFavouriteCityMenu;6;5264;5
travelmate;AdvancedFeaturesTest;testFavouriteCityMenu;7;5846;5
travelmate;AdvancedFeaturesTest;testFavouriteCityMenu;8;5124;5
travelmate;AdvancedFeaturesTest;testFavouriteCityMenu;9;5754;5
travelmate;AdvancedFeaturesTest;testFavouriteCityMenu;10;5781;5
travelmate;HomeMenuTest;testHomeMenu;1;5570;6
travelmate;HomeMenuTest;testHomeMenu;2;5313;6
travelmate;HomeMenuTest;testHomeMenu;3;5291;6
travelmate;HomeMenuTest;testHomeMenu;4;5292;6
travelmate;HomeMenuTest;testHomeMenu;5;10303;6
travelmate;HomeMenuTest;testHomeMenu;6;5292;6
travelmate;HomeMenuTest;testHomeMenu;7;5196;6
travelmate;HomeMenuTest;testHomeMenu;8;5159;6
travelmate;HomeMenuTest;testHomeMenu;9;5212;6
travelmate;HomeMenuTest;testHomeMenu;10;5111;6
travelmate;HomeMenuTest;testPopularCities;1;6688;5
travelmate;HomeMenuTest;testPopularCities;2;6607;5
travelmate;HomeMenuTest;testPopularCities;3;6567;5
travelmate;HomeMenuTest;testPopularCities;4;6620;5
travelmate;HomeMenuTest;testPopularCities;5;6545;5
travelmate;HomeMenuTest;testPopularCities;6;6355;5
travelmate;HomeMenuTest;testPopularCities;7;6603;5
travelmate;HomeMenuTest;testPopularCities;8;6513;5
travelmate;HomeMenuTest;testPopularCities;9;6659;5
travelmate;HomeMenuTest;testPopularCities;10;6526;5
travelmate;HomeMenuTest;testChecklist;1;6909;5
travelmate;HomeMenuTest;testChecklist;2;7061;5
travelmate;HomeMenuTest;testChecklist;3;7107;5
travelmate;HomeMenuTest;testChecklist;4;7147;5
travelmate;HomeMenuTest;testChecklist;5;7281;5
travelmate;HomeMenuTest;testChecklist;6;7308;5
travelmate;HomeMenuTest;testChecklist;7;7037;5
travelmate;HomeMenuTest;testChecklist;8;6989;5
travelmate;HomeMenuTest;testChecklist;9;7335;5
travelmate;HomeMenuTest;testChecklist;10;7045;5
travelmate;HomeMenuTest;testCompass;1;11436;4
travelmate;HomeMenuTest;testCompass;2;11094;4
travelmate;HomeMenuTest;testCompass;3;11467;4
travelmate;HomeMenuTest;testCompass;4;11235;4
travelmate;HomeMenuTest;testCompass;5;11467;4
travelmate;HomeMenuTest;testCompass;6;11246;4
travelmate;HomeMenuTest;testCompass;7;11234;4
travelmate;HomeMenuTest;testCompass;8;11767;4
travelmate;HomeMenuTest;testCompass;9;11547;4
travelmate;HomeMenuTest;testCompass;10;11344;4
travelmate;OtherMenusTest;testLeftMenuContent;1;3861;9
travelmate;OtherMenusTest;testLeftMenuContent;2;2877;9
travelmate;OtherMenusTest;testLeftMenuContent;3;3576;9
travelmate;OtherMenusTest;testLeftMenuContent;4;2746;9
travelmate;OtherMenusTest;testLeftMenuContent;5;3272;9
travelmate;OtherMenusTest;testLeftMenuContent;6;3268;9
travelmate;OtherMenusTest;testLeftMenuContent;7;2811;9
travelmate;OtherMenusTest;testLeftMenuContent;8;3430;9
travelmate;OtherMenusTest;testLeftMenuContent;9;2738;9
travelmate;OtherMenusTest;testLeftMenuContent;10;3535;9
travelmate;OtherMenusTest;testAboutScreen;1;4193;12
travelmate;OtherMenusTest;testAboutScreen;2;4236;12
travelmate;OtherMenusTest;testAboutScreen;3;4148;12
travelmate;OtherMenusTest;testAboutScreen;4;4212;12
travelmate;OtherMenusTest;testAboutScreen;5;4163;12
travelmate;OtherMenusTest;testAboutScreen;6;4435;12
travelmate;OtherMenusTest;testAboutScreen;7;4185;12
travelmate;OtherMenusTest;testAboutScreen;8;4299;12
travelmate;OtherMenusTest;testAboutScreen;9;4184;12
travelmate;OtherMenusTest;testAboutScreen;10;4190;12
travelmate;OtherMenusTest;testSettingsMenu;1;6452;7
travelmate;OtherMenusTest;testSettingsMenu;2;5831;7
travelmate;OtherMenusTest;testSettingsMenu;3;6572;7
travelmate;OtherMenusTest;testSettingsMenu;4;6218;7
travelmate;OtherMenusTest;testSettingsMenu;5;6194;7
travelmate;OtherMenusTest;testSettingsMenu;6;6299;7
travelmate;OtherMenusTest;testSettingsMenu;7;6728;7
travelmate;OtherMenusTest;testSettingsMenu;8;6817;7
travelmate;OtherMenusTest;testSettingsMenu;9;6047;7
travelmate;OtherMenusTest;testSettingsMenu;10;6084;7
travelmate;OtherMenusTest;testUserMenu;1;3798;8
travelmate;OtherMenusTest;testUserMenu;2;3605;8
travelmate;OtherMenusTest;testUserMenu;3;3831;8
travelmate;OtherMenusTest;testUserMenu;4;3883;8
travelmate;OtherMenusTest;testUserMenu;5;3903;8
travelmate;OtherMenusTest;testUserMenu;6;4050;8
travelmate;OtherMenusTest;testUserMenu;7;3905;8
travelmate;OtherMenusTest;testUserMenu;8;3976;8
travelmate;OtherMenusTest;testUserMenu;9;3910;8
travelmate;OtherMenusTest;testUserMenu;10;3873;8
travelmate;TripsTest;testEmptyTripsAtBeginning;1;5577;4
travelmate;TripsTest;testEmptyTripsAtBeginning;2;5016;4
travelmate;TripsTest;testEmptyTripsAtBeginning;3;5012;4
travelmate;TripsTest;testEmptyTripsAtBeginning;4;5216;4
travelmate;TripsTest;testEmptyTripsAtBeginning;5;5141;4
travelmate;TripsTest;testEmptyTripsAtBeginning;6;5300;4
travelmate;TripsTest;testEmptyTripsAtBeginning;7;5141;4
travelmate;TripsTest;testEmptyTripsAtBeginning;8;5187;4
travelmate;TripsTest;testEmptyTripsAtBeginning;9;5123;4
travelmate;TripsTest;testEmptyTripsAtBeginning;10;5178;4
travelmate;TripsTest;testAddAndRemoveTrip;1;15856;15
travelmate;TripsTest;testAddAndRemoveTrip;2;15710;15
travelmate;TripsTest;testAddAndRemoveTrip;3;15584;15
travelmate;TripsTest;testAddAndRemoveTrip;4;15650;15
travelmate;TripsTest;testAddAndRemoveTrip;5;15403;15
travelmate;TripsTest;testAddAndRemoveTrip;6;15569;15
travelmate;TripsTest;testAddAndRemoveTrip;7;16119;15
travelmate;TripsTest;testAddAndRemoveTrip;8;15441;15
travelmate;TripsTest;testAddAndRemoveTrip;9;15680;15
travelmate;TripsTest;testAddAndRemoveTrip;10;15749;15
travelmate;TripsTest;testTripInfoFields;1;17452;17
travelmate;TripsTest;testTripInfoFields;2;17615;17
travelmate;TripsTest;testTripInfoFields;3;17198;17
travelmate;TripsTest;testTripInfoFields;4;17312;17
travelmate;TripsTest;testTripInfoFields;5;17498;17
travelmate;TripsTest;testTripInfoFields;6;17325;17
travelmate;TripsTest;testTripInfoFields;7;17884;17
travelmate;TripsTest;testTripInfoFields;8;17165;17
travelmate;TripsTest;testTripInfoFields;9;17187;17
travelmate;TripsTest;testTripInfoFields;10;18165;17
travelmate;TripsTest;testAddTwoTrips;1;20176;19
travelmate;TripsTest;testAddTwoTrips;2;20165;19
travelmate;TripsTest;testAddTwoTrips;3;20198;19
travelmate;TripsTest;testAddTwoTrips;4;21158;19
travelmate;TripsTest;testAddTwoTrips;5;20453;19
travelmate;TripsTest;testAddTwoTrips;6;20689;19
travelmate;TripsTest;testAddTwoTrips;7;20457;19
travelmate;TripsTest;testAddTwoTrips;8;20235;19
travelmate;TripsTest;testAddTwoTrips;9;20475;19
travelmate;TripsTest;testAddTwoTrips;10;20346;19
travelmate;LoggingTest;testLogoutFromMenu;1;4943;6
travelmate;LoggingTest;testLogoutFromMenu;2;5123;6
travelmate;LoggingTest;testLogoutFromMenu;3;4198;6
travelmate;LoggingTest;testLogoutFromMenu;4;4489;6
travelmate;LoggingTest;testLogoutFromMenu;5;4678;6
travelmate;LoggingTest;testLogoutFromMenu;6;4489;6
travelmate;LoggingTest;testLogoutFromMenu;7;4678;6
travelmate;LoggingTest;testLogoutFromMenu;8;4498;6
travelmate;LoggingTest;testLogoutFromMenu;9;5123;6
travelmate;LoggingTest;testLogoutFromMenu;10;5037;6
travelmate;LoggingTest;testWrongLogin;1;5820;4
travelmate;LoggingTest;testWrongLogin;2;5450;4
travelmate;LoggingTest;testWrongLogin;3;5471;4
travelmate;LoggingTest;testWrongLogin;4;5479;4
travelmate;LoggingTest;testWrongLogin;5;5679;4
travelmate;LoggingTest;testWrongLogin;6;6118;4
travelmate;LoggingTest;testWrongLogin;7;5734;4
travelmate;LoggingTest;testWrongLogin;8;5569;4
travelmate;LoggingTest;testWrongLogin;9;5851;4
travelmate;LoggingTest;testWrongLogin;10;5553;4
travelmate;LoggingTest;testRightLogin;1;5793;3
travelmate;LoggingTest;testRightLogin;2;5651;3
travelmate;LoggingTest;testRightLogin;3;5498;3
travelmate;LoggingTest;testRightLogin;4;5315;3
travelmate;LoggingTest;testRightLogin;5;5498;3
travelmate;LoggingTest;testRightLogin;6;5988;3
travelmate;LoggingTest;testRightLogin;7;5315;3
travelmate;LoggingTest;testRightLogin;8;5498;3
travelmate;LoggingTest;testRightLogin;9;5615;3
travelmate;LoggingTest;testRightLogin;10;5651;3
travelmate;LoggingTest;testLogoutFromProfile;1;6879;6
travelmate;LoggingTest;testLogoutFromProfile;1;6615;6
travelmate;LoggingTest;testLogoutFromProfile;1;6611;6
travelmate;LoggingTest;testLogoutFromProfile;1;6165;6
travelmate;LoggingTest;testLogoutFromProfile;1;6498;6
travelmate;LoggingTest;testLogoutFromProfile;1;6498;6
travelmate;LoggingTest;testLogoutFromProfile;1;6645;6
travelmate;LoggingTest;testLogoutFromProfile;1;6489;6
travelmate;LoggingTest;testLogoutFromProfile;1;6678;6
travelmate;LoggingTest;testLogoutFromProfile;1;6357;6
com.fsck.k9;VariousMenuTest;testRightMenuContent;1;3210;10
com.fsck.k9;VariousMenuTest;testRightMenuContent;2;3165;10
com.fsck.k9;VariousMenuTest;testRightMenuContent;3;3152;10
com.fsck.k9;VariousMenuTest;testRightMenuContent;4;3264;10
com.fsck.k9;VariousMenuTest;testRightMenuContent;5;3135;10
com.fsck.k9;VariousMenuTest;testRightMenuContent;6;3195;10
com.fsck.k9;VariousMenuTest;testRightMenuContent;7;3271;10
com.fsck.k9;VariousMenuTest;testRightMenuContent;8;3163;10
com.fsck.k9;VariousMenuTest;testRightMenuContent;9;3165;10
com.fsck.k9;VariousMenuTest;testRightMenuContent;10;3282;10
com.fsck.k9;VariousMenuTest;testAbout;1;4201;3
com.fsck.k9;VariousMenuTest;testAbout;2;4153;3
com.fsck.k9;VariousMenuTest;testAbout;3;4135;3
com.fsck.k9;VariousMenuTest;testAbout;4;4196;3
com.fsck.k9;VariousMenuTest;testAbout;5;4172;3
com.fsck.k9;VariousMenuTest;testAbout;6;4125;3
com.fsck.k9;VariousMenuTest;testAbout;7;4246;3
com.fsck.k9;VariousMenuTest;testAbout;8;4213;3
com.fsck.k9;VariousMenuTest;testAbout;9;4193;3
com.fsck.k9;VariousMenuTest;testAbout;10;4111;3
com.fsck.k9;VariousMenuTest;testSettings;1;4156;7
com.fsck.k9;VariousMenuTest;testSettings;2;4135;7
com.fsck.k9;VariousMenuTest;testSettings;3;4201;7
com.fsck.k9;VariousMenuTest;testSettings;4;4197;7
com.fsck.k9;VariousMenuTest;testSettings;5;4173;7
com.fsck.k9;VariousMenuTest;testSettings;6;4165;7
com.fsck.k9;VariousMenuTest;testSettings;7;4172;7
com.fsck.k9;VariousMenuTest;testSettings;8;4157;7
com.fsck.k9;VariousMenuTest;testSettings;9;4142;7
com.fsck.k9;VariousMenuTest;testSettings;10;4174;7
com.fsck.k9;VariousMenuTest;testBackToUnifiedInbox;1;5764;6
com.fsck.k9;VariousMenuTest;testBackToUnifiedInbox;2;5774;6
com.fsck.k9;VariousMenuTest;testBackToUnifiedInbox;3;5726;6
com.fsck.k9;VariousMenuTest;testBackToUnifiedInbox;4;5785;6
com.fsck.k9;VariousMenuTest;testBackToUnifiedInbox;5;5726;6
com.fsck.k9;VariousMenuTest;testBackToUnifiedInbox;6;5698;6
com.fsck.k9;VariousMenuTest;testBackToUnifiedInbox;7;5763;6
com.fsck.k9;VariousMenuTest;testBackToUnifiedInbox;8;5726;6
com.fsck.k9;VariousMenuTest;testBackToUnifiedInbox;9;5747;6
com.fsck.k9;VariousMenuTest;testBackToUnifiedInbox;10;5758;6
com.fsck.k9;VariousMenuTest;testAccountFolders;1;4763;7
com.fsck.k9;VariousMenuTest;testAccountFolders;2;4726;7
com.fsck.k9;VariousMenuTest;testAccountFolders;3;4746;7
com.fsck.k9;VariousMenuTest;testAccountFolders;4;4727;7
com.fsck.k9;VariousMenuTest;testAccountFolders;5;4747;7
com.fsck.k9;VariousMenuTest;testAccountFolders;6;4785;7
com.fsck.k9;VariousMenuTest;testAccountFolders;7;4727;7
com.fsck.k9;VariousMenuTest;testAccountFolders;8;4747;7
com.fsck.k9;VariousMenuTest;testAccountFolders;9;4727;7
com.fsck.k9;VariousMenuTest;testAccountFolders;10;4747;7
com.fsck.k9;MessageSortTest;testSortBySubject;1;3568;3
com.fsck.k9;MessageSortTest;testSortBySubject;2;3515;3
com.fsck.k9;MessageSortTest;testSortBySubject;3;3563;3
com.fsck.k9;MessageSortTest;testSortBySubject;4;3516;3
com.fsck.k9;MessageSortTest;testSortBySubject;5;3536;3
com.fsck.k9;MessageSortTest;testSortBySubject;6;3536;3
com.fsck.k9;MessageSortTest;testSortBySubject;7;3547;3
com.fsck.k9;MessageSortTest;testSortBySubject;8;3527;3
com.fsck.k9;MessageSortTest;testSortBySubject;9;3547;3
com.fsck.k9;MessageSortTest;testSortBySubject;10;3527;3
com.fsck.k9;MessageSortTest;testSortBySender;1;3512;3
com.fsck.k9;MessageSortTest;testSortBySender;2;3515;3
com.fsck.k9;MessageSortTest;testSortBySender;3;3536;3
com.fsck.k9;MessageSortTest;testSortBySender;4;3527;3
com.fsck.k9;MessageSortTest;testSortBySender;5;3547;3
com.fsck.k9;MessageSortTest;testSortBySender;6;3538;3
com.fsck.k9;MessageSortTest;testSortBySender;7;3548;3
com.fsck.k9;MessageSortTest;testSortBySender;8;3527;3
com.fsck.k9;MessageSortTest;testSortBySender;9;3558;3
com.fsck.k9;MessageSortTest;testSortBySender;10;3527;3
com.fsck.k9;MessageSortTest;testSortByReadUnread;1;3454;3
com.fsck.k9;MessageSortTest;testSortByReadUnread;2;3415;3
com.fsck.k9;MessageSortTest;testSortByReadUnread;3;3426;3
com.fsck.k9;MessageSortTest;testSortByReadUnread;4;3436;3
com.fsck.k9;MessageSortTest;testSortByReadUnread;5;3482;3
com.fsck.k9;MessageSortTest;testSortByReadUnread;6;3427;3
com.fsck.k9;MessageSortTest;testSortByReadUnread;7;3459;3
com.fsck.k9;MessageSortTest;testSortByReadUnread;8;3416;3
com.fsck.k9;MessageSortTest;testSortByReadUnread;9;3438;3
com.fsck.k9;MessageSortTest;testSortByReadUnread;10;3426;3
com.fsck.k9;MessageSortTest;testSortByArrival;1;3762;3
com.fsck.k9;MessageSortTest;testSortByArrival;2;3716;3
com.fsck.k9;MessageSortTest;testSortByArrival;3;3735;3
com.fsck.k9;MessageSortTest;testSortByArrival;4;3764;3
com.fsck.k9;MessageSortTest;testSortByArrival;5;3715;3
com.fsck.k9;MessageSortTest;testSortByArrival;6;3763;3
com.fsck.k9;MessageSortTest;testSortByArrival;7;3775;3
com.fsck.k9;MessageSortTest;testSortByArrival;8;3715;3
com.fsck.k9;MessageSortTest;testSortByArrival;9;3772;3
com.fsck.k9;MessageSortTest;testSortByArrival;10;3692;3
com.fsck.k9;MessageSortTest;testSortByDate;1;3436;3
com.fsck.k9;MessageSortTest;testSortByDate;2;3471;3
com.fsck.k9;MessageSortTest;testSortByDate;3;3437;3
com.fsck.k9;MessageSortTest;testSortByDate;4;3427;3
com.fsck.k9;MessageSortTest;testSortByDate;5;3458;3
com.fsck.k9;MessageSortTest;testSortByDate;6;3437;3
com.fsck.k9;MessageSortTest;testSortByDate;7;3498;3
com.fsck.k9;MessageSortTest;testSortByDate;8;3437;3
com.fsck.k9;MessageSortTest;testSortByDate;9;3446;3
com.fsck.k9;MessageSortTest;testSortByDate;10;3426;3
com.fsck.k9;MessageButtonsTest;testInsideMessageButtons;1;5469;11
com.fsck.k9;MessageButtonsTest;testInsideMessageButtons;2;5416;11
com.fsck.k9;MessageButtonsTest;testInsideMessageButtons;3;5436;11
com.fsck.k9;MessageButtonsTest;testInsideMessageButtons;4;5473;11
com.fsck.k9;MessageButtonsTest;testInsideMessageButtons;5;5447;11
com.fsck.k9;MessageButtonsTest;testInsideMessageButtons;6;5426;11
com.fsck.k9;MessageButtonsTest;testInsideMessageButtons;7;5458;11
com.fsck.k9;MessageButtonsTest;testInsideMessageButtons;8;5473;11
com.fsck.k9;MessageButtonsTest;testInsideMessageButtons;9;5425;11
com.fsck.k9;MessageButtonsTest;testInsideMessageButtons;10;5445;11
com.fsck.k9;MessageButtonsTest;testNavigateMessagesLeft;1;3564;4
com.fsck.k9;MessageButtonsTest;testNavigateMessagesLeft;2;3516;4
com.fsck.k9;MessageButtonsTest;testNavigateMessagesLeft;3;3536;4
com.fsck.k9;MessageButtonsTest;testNavigateMessagesLeft;4;3527;4
com.fsck.k9;MessageButtonsTest;testNavigateMessagesLeft;5;3548;4
com.fsck.k9;MessageButtonsTest;testNavigateMessagesLeft;6;3527;4
com.fsck.k9;MessageButtonsTest;testNavigateMessagesLeft;7;3585;4
com.fsck.k9;MessageButtonsTest;testNavigateMessagesLeft;8;3537;4
com.fsck.k9;MessageButtonsTest;testNavigateMessagesLeft;9;3557;4
com.fsck.k9;MessageButtonsTest;testNavigateMessagesLeft;10;3532;4
com.fsck.k9;MessageButtonsTest;testNavigateMessagesRight;1;3178;4
com.fsck.k9;MessageButtonsTest;testNavigateMessagesRight;2;3135;4
com.fsck.k9;MessageButtonsTest;testNavigateMessagesRight;3;3126;4
com.fsck.k9;MessageButtonsTest;testNavigateMessagesRight;4;3147;4
com.fsck.k9;MessageButtonsTest;testNavigateMessagesRight;5;3127;4
com.fsck.k9;MessageButtonsTest;testNavigateMessagesRight;6;3148;4
com.fsck.k9;MessageButtonsTest;testNavigateMessagesRight;7;3172;4
com.fsck.k9;MessageButtonsTest;testNavigateMessagesRight;8;3127;4
com.fsck.k9;MessageButtonsTest;testNavigateMessagesRight;9;3146;4
com.fsck.k9;MessageButtonsTest;testNavigateMessagesRight;10;3127;4
com.fsck.k9;MessageOperationsTest;testDeleteMessage;1;3071;2
com.fsck.k9;MessageOperationsTest;testDeleteMessage;2;3064;2
com.fsck.k9;MessageOperationsTest;testDeleteMessage;3;3062;2
com.fsck.k9;MessageOperationsTest;testDeleteMessage;4;3047;2
com.fsck.k9;MessageOperationsTest;testDeleteMessage;5;3026;2
com.fsck.k9;MessageOperationsTest;testDeleteMessage;6;3017;2
com.fsck.k9;MessageOperationsTest;testDeleteMessage;7;3058;2
com.fsck.k9;MessageOperationsTest;testDeleteMessage;8;3073;2
com.fsck.k9;MessageOperationsTest;testDeleteMessage;9;3037;2
com.fsck.k9;MessageOperationsTest;testDeleteMessage;10;3047;2
com.fsck.k9;MessageOperationsTest;testDeleteAndRestore;1;12546;16
com.fsck.k9;MessageOperationsTest;testDeleteAndRestore;2;12511;16
com.fsck.k9;MessageOperationsTest;testDeleteAndRestore;3;12561;16
com.fsck.k9;MessageOperationsTest;testDeleteAndRestore;4;12547;16
com.fsck.k9;MessageOperationsTest;testDeleteAndRestore;5;12466;16
com.fsck.k9;MessageOperationsTest;testDeleteAndRestore;6;12497;16
com.fsck.k9;MessageOperationsTest;testDeleteAndRestore;7;12561;16
com.fsck.k9;MessageOperationsTest;testDeleteAndRestore;8;12514;16
com.fsck.k9;MessageOperationsTest;testDeleteAndRestore;9;12546;16
com.fsck.k9;MessageOperationsTest;testDeleteAndRestore;10;12547;16
com.fsck.k9;MessageOperationsTest;testDeleteFromInside;1;3436;3
com.fsck.k9;MessageOperationsTest;testDeleteFromInside;2;3415;3
com.fsck.k9;MessageOperationsTest;testDeleteFromInside;3;3436;3
com.fsck.k9;MessageOperationsTest;testDeleteFromInside;4;3426;3
com.fsck.k9;MessageOperationsTest;testDeleteFromInside;5;3474;3
com.fsck.k9;MessageOperationsTest;testDeleteFromInside;6;3483;3
com.fsck.k9;MessageOperationsTest;testDeleteFromInside;7;3426;3
com.fsck.k9;MessageOperationsTest;testDeleteFromInside;8;3415;3
com.fsck.k9;MessageOperationsTest;testDeleteFromInside;9;3475;3
com.fsck.k9;MessageOperationsTest;testDeleteFromInside;10;3432;3
com.fsck.k9;MessageOperationsTest;testReply;1;8446;8
com.fsck.k9;MessageOperationsTest;testReply;2;8416;8
com.fsck.k9;MessageOperationsTest;testReply;3;8436;8
com.fsck.k9;MessageOperationsTest;testReply;4;8446;8
com.fsck.k9;MessageOperationsTest;testReply;5;8475;8
com.fsck.k9;MessageOperationsTest;testReply;6;8427;8
com.fsck.k9;MessageOperationsTest;testReply;7;8486;8
com.fsck.k9;MessageOperationsTest;testReply;8;8427;8
com.fsck.k9;MessageOperationsTest;testReply;9;8447;8
com.fsck.k9;MessageOperationsTest;testReply;10;8427;8
com.fsck.k9;MessageOperationsTest;testReplyAll;1;9116;8
com.fsck.k9;MessageOperationsTest;testReplyAll;2;9126;8
com.fsck.k9;MessageOperationsTest;testReplyAll;3;9146;8
com.fsck.k9;MessageOperationsTest;testReplyAll;4;9183;8
com.fsck.k9;MessageOperationsTest;testReplyAll;5;9126;8
com.fsck.k9;MessageOperationsTest;testReplyAll;6;9147;8
com.fsck.k9;MessageOperationsTest;testReplyAll;7;9183;8
com.fsck.k9;MessageOperationsTest;testReplyAll;8;9157;8
com.fsck.k9;MessageOperationsTest;testReplyAll;9;9127;8
com.fsck.k9;MessageOperationsTest;testReplyAll;10;9158;8
com.fsck.k9;MessageOperationsTest;testForward;1;10196;8
com.fsck.k9;MessageOperationsTest;testForward;2;10116;8
com.fsck.k9;MessageOperationsTest;testForward;3;10136;8
com.fsck.k9;MessageOperationsTest;testForward;4;10127;8
com.fsck.k9;MessageOperationsTest;testForward;5;10147;8
com.fsck.k9;MessageOperationsTest;testForward;6;10125;8
com.fsck.k9;MessageOperationsTest;testForward;7;10175;8
com.fsck.k9;MessageOperationsTest;testForward;8;10126;8
com.fsck.k9;MessageOperationsTest;testForward;9;10157;8
com.fsck.k9;MessageOperationsTest;testForward;10;10172;8
com.fsck.k9;MessageOperationsTest;testStarFromInside;1;4457;4
com.fsck.k9;MessageOperationsTest;testStarFromInside;2;4415;4
com.fsck.k9;MessageOperationsTest;testStarFromInside;3;4436;4
com.fsck.k9;MessageOperationsTest;testStarFromInside;4;4427;4
com.fsck.k9;MessageOperationsTest;testStarFromInside;5;4458;4
com.fsck.k9;MessageOperationsTest;testStarFromInside;6;4426;4
com.fsck.k9;MessageOperationsTest;testStarFromInside;7;4486;4
com.fsck.k9;MessageOperationsTest;testStarFromInside;8;4501;4
com.fsck.k9;MessageOperationsTest;testStarFromInside;9;4531;4
com.fsck.k9;MessageOperationsTest;testStarFromInside;10;4449;4
com.fsck.k9;SelectReadUnreadTest;testSelectButtons;1;2593;4
com.fsck.k9;SelectReadUnreadTest;testSelectButtons;2;2601;4
com.fsck.k9;SelectReadUnreadTest;testSelectButtons;3;2651;4
com.fsck.k9;SelectReadUnreadTest;testSelectButtons;4;2613;4
com.fsck.k9;SelectReadUnreadTest;testSelectButtons;5;2553;4
com.fsck.k9;SelectReadUnreadTest;testSelectButtons;6;2515;4
com.fsck.k9;SelectReadUnreadTest;testSelectButtons;7;2526;4
com.fsck.k9;SelectReadUnreadTest;testSelectButtons;8;2554;4
com.fsck.k9;SelectReadUnreadTest;testSelectButtons;9;2515;4
com.fsck.k9;SelectReadUnreadTest;testSelectButtons;10;2546;4
com.fsck.k9;SelectReadUnreadTest;testSelectAll;1;2836;4
com.fsck.k9;SelectReadUnreadTest;testSelectAll;2;2815;4
com.fsck.k9;SelectReadUnreadTest;testSelectAll;3;2835;4
com.fsck.k9;SelectReadUnreadTest;testSelectAll;4;2862;4
com.fsck.k9;SelectReadUnreadTest;testSelectAll;5;2875;4
com.fsck.k9;SelectReadUnreadTest;testSelectAll;6;2813;4
com.fsck.k9;SelectReadUnreadTest;testSelectAll;7;2864;4
com.fsck.k9;SelectReadUnreadTest;testSelectAll;8;2851;4
com.fsck.k9;SelectReadUnreadTest;testSelectAll;9;2835;4
com.fsck.k9;SelectReadUnreadTest;testSelectAll;10;2827;4
com.fsck.k9;SelectReadUnreadTest;testMarkTwoAsReadUnread;1;5472;10
com.fsck.k9;SelectReadUnreadTest;testMarkTwoAsReadUnread;2;5451;10
com.fsck.k9;SelectReadUnreadTest;testMarkTwoAsReadUnread;3;5435;10
com.fsck.k9;SelectReadUnreadTest;testMarkTwoAsReadUnread;4;5471;10
com.fsck.k9;SelectReadUnreadTest;testMarkTwoAsReadUnread;5;5447;10
com.fsck.k9;SelectReadUnreadTest;testMarkTwoAsReadUnread;6;5426;10
com.fsck.k9;SelectReadUnreadTest;testMarkTwoAsReadUnread;7;5485;10
com.fsck.k9;SelectReadUnreadTest;testMarkTwoAsReadUnread;8;5426;10
com.fsck.k9;SelectReadUnreadTest;testMarkTwoAsReadUnread;9;5446;10
com.fsck.k9;SelectReadUnreadTest;testMarkTwoAsReadUnread;10;5426;10
com.fsck.k9;SelectReadUnreadTest;testMarkAsReadUnread;1;5356;6
com.fsck.k9;SelectReadUnreadTest;testMarkAsReadUnread;2;5335;6
com.fsck.k9;SelectReadUnreadTest;testMarkAsReadUnread;3;5316;6
com.fsck.k9;SelectReadUnreadTest;testMarkAsReadUnread;4;5347;6
com.fsck.k9;SelectReadUnreadTest;testMarkAsReadUnread;5;5328;6
com.fsck.k9;SelectReadUnreadTest;testMarkAsReadUnread;6;5363;6
com.fsck.k9;SelectReadUnreadTest;testMarkAsReadUnread;7;5315;6
com.fsck.k9;SelectReadUnreadTest;testMarkAsReadUnread;8;5347;6
com.fsck.k9;SelectReadUnreadTest;testMarkAsReadUnread;9;5315;6
com.fsck.k9;SelectReadUnreadTest;testMarkAsReadUnread;10;5398;6
com.fsck.k9;SelectReadUnreadTest;testSetUnsetStar;1;5216;6
com.fsck.k9;SelectReadUnreadTest;testSetUnsetStar;2;5215;6
com.fsck.k9;SelectReadUnreadTest;testSetUnsetStar;3;5263;6
com.fsck.k9;SelectReadUnreadTest;testSetUnsetStar;4;5227;6
com.fsck.k9;SelectReadUnreadTest;testSetUnsetStar;5;5258;6
com.fsck.k9;SelectReadUnreadTest;testSetUnsetStar;6;5226;6
com.fsck.k9;SelectReadUnreadTest;testSetUnsetStar;7;5285;6
com.fsck.k9;SelectReadUnreadTest;testSetUnsetStar;8;5299;6
com.fsck.k9;SelectReadUnreadTest;testSetUnsetStar;9;5215;6
com.fsck.k9;SelectReadUnreadTest;testSetUnsetStar;10;5236;6
com.fsck.k9;SendMessagesTest;testSendMessage;1;7206;8
com.fsck.k9;SendMessagesTest;testSendMessage;2;7216;8
com.fsck.k9;SendMessagesTest;testSendMessage;3;7271;8
com.fsck.k9;SendMessagesTest;testSendMessage;4;7247;8
com.fsck.k9;SendMessagesTest;testSendMessage;5;7228;8
com.fsck.k9;SendMessagesTest;testSendMessage;6;7285;8
com.fsck.k9;SendMessagesTest;testSendMessage;7;7272;8
com.fsck.k9;SendMessagesTest;testSendMessage;8;7246;8
com.fsck.k9;SendMessagesTest;testSendMessage;9;7215;8
com.fsck.k9;SendMessagesTest;testSendMessage;10;7285;8
com.fsck.k9;SendMessagesTest;testSentMessage;1;9963;12
com.fsck.k9;SendMessagesTest;testSentMessage;2;9924;12
com.fsck.k9;SendMessagesTest;testSentMessage;3;9953;12
com.fsck.k9;SendMessagesTest;testSentMessage;4;9916;12
com.fsck.k9;SendMessagesTest;testSentMessage;5;9936;12
com.fsck.k9;SendMessagesTest;testSentMessage;6;9975;12
com.fsck.k9;SendMessagesTest;testSentMessage;7;9926;12
com.fsck.k9;SendMessagesTest;testSentMessage;8;9946;12
com.fsck.k9;SendMessagesTest;testSentMessage;9;9956;12
com.fsck.k9;SendMessagesTest;testSentMessage;10;9945;12
com.fsck.k9;SendMessagesTest;testDraftDelete;1;13265;18
com.fsck.k9;SendMessagesTest;testDraftDelete;2;13254;18
com.fsck.k9;SendMessagesTest;testDraftDelete;3;13226;18
com.fsck.k9;SendMessagesTest;testDraftDelete;4;13246;18
com.fsck.k9;SendMessagesTest;testDraftDelete;5;13282;18
com.fsck.k9;SendMessagesTest;testDraftDelete;6;13226;18
com.fsck.k9;SendMessagesTest;testDraftDelete;7;13247;18
com.fsck.k9;SendMessagesTest;testDraftDelete;8;13228;18
com.fsck.k9;SendMessagesTest;testDraftDelete;9;13247;18
com.fsck.k9;SendMessagesTest;testDraftDelete;10;13416;18
com.fsck.k9;SendMessagesTest;testDraftSend;1;12547;17
com.fsck.k9;SendMessagesTest;testDraftSend;2;12514;17
com.fsck.k9;SendMessagesTest;testDraftSend;3;12567;17
com.fsck.k9;SendMessagesTest;testDraftSend;4;12527;17
com.fsck.k9;SendMessagesTest;testDraftSend;5;12558;17
com.fsck.k9;SendMessagesTest;testDraftSend;6;12527;17
com.fsck.k9;SendMessagesTest;testDraftSend;7;12597;17
com.fsck.k9;SendMessagesTest;testDraftSend;8;12601;17
com.fsck.k9;SendMessagesTest;testDraftSend;9;12496;17
com.fsck.k9;SendMessagesTest;testDraftSend;10;12503;17
com.fsck.k9;SendMessagesTest;testDiscard;1;7165;8
com.fsck.k9;SendMessagesTest;testDiscard;2;7101;8
com.fsck.k9;SendMessagesTest;testDiscard;3;7113;8
com.fsck.k9;SendMessagesTest;testDiscard;4;7163;8
com.fsck.k9;SendMessagesTest;testDiscard;5;7171;8
com.fsck.k9;SendMessagesTest;testDiscard;6;7174;8
com.fsck.k9;SendMessagesTest;testDiscard;7;7116;8
com.fsck.k9;SendMessagesTest;testDiscard;8;7134;8
com.fsck.k9;SendMessagesTest;testDiscard;9;7190;8
com.fsck.k9;SendMessagesTest;testDiscard;10;7086;8
